d,n0,sh0,add,rem,nt,si,se,tt,ta,ta_cov,tt_usd,ta_usd,si_usd
2021-03-31,31,66044.0,0,0,0.0,14.28452,14.28452,14.28452,,,59180702.0,,59180702.0
2021-04-01,31,1009451.0,0,0,0.0,4.43699,4.43699,4.43699,,,286134430.0,,286134430.0
2021-04-05,31,5488376.0,0,0,0.0,0.29084,0.29084,0.29084,,,103136394.0,,103136394.0
2021-04-06,31,7084600.0,0,0,0.0,0.1896,0.1896,0.1896,,,87567484.0,,87567484.0
2021-04-07,31,8427816.0,0,0,0.0,0.06875,0.06875,0.06875,,,36379794.0,,36379794.0
2021-04-08,31,9007262.0,1,0,0.03226,0.04977,0.049,0.04977,,,24515810.0,,24515810.0
2021-04-09,32,9354008.0,0,0,0.0,0.09415,0.09415,0.09415,,,57014403.0,,57014403.0
2021-04-12,32,10216707.0,0,0,0.0,0.01341,0.01341,0.01341,,,9456568.0,,9456568.0
2021-04-13,32,10353674.0,0,0,0.0,0.03706,0.03706,0.03706,,,17686018.0,,17686018.0
2021-04-14,32,10672831.0,0,1,0.03125,0.03056,0.03054,0.03056,,,16351648.0,,16351648.0
2021-04-15,31,10998582.0,0,0,0.0,0.00541,0.00541,0.00541,,,3444646.0,,3444646.0
2021-04-16,31,11058031.0,0,0,0.0,0.04796,0.04796,0.04796,,,29319750.0,,29319750.0
2021-04-19,31,11586892.0,0,0,0.0,0.0,0.0,0.0,,,0.0,,0.0
2021-04-20,31,11586892.0,0,0,0.0,0.08292,0.08292,0.08292,,,31073664.0,,31073664.0
2021-04-21,31,11526613.0,0,0,0.0,0.01076,0.01076,0.01076,,,4954605.0,,4954605.0
2021-04-22,31,11650630.0,1,0,0.03226,0.02503,0.02173,0.02503,,,20951240.0,,20951240.0
2021-04-23,32,11822209.0,0,0,0.0,0.0,0.0,0.0,,,0.0,,0.0
2021-04-26,32,11822209.0,0,0,0.0,0.00299,0.00299,0.00299,,,2075590.0,,2075590.0
2021-04-27,32,11786837.0,0,0,0.0,0.0004,0.0004,0.0004,,,353485.0,,353485.0
2021-04-28,32,11791527.0,0,1,0.03125,0.0164,0.01497,0.0164,,,12801610.0,,12801610.0
2021-04-29,31,11898278.0,0,0,0.0,0.02251,0.02251,0.02251,,,15565447.0,,15565447.0
2021-04-30,31,11630465.0,0,0,0.0,0.0,0.0,0.0,,,0.0,,0.0
2021-05-03,31,11630465.0,0,0,0.0,0.0,0.0,0.0,,,0.0,,0.0
2021-05-04,31,11630465.0,0,0,0.0,0.01856,0.01856,0.01856,,,19334797.0,,19334797.0
2021-05-05,31,11576207.0,0,0,0.0,0.0,0.0,0.0,,,0.0,,0.0
2021-05-06,31,11576207.0,0,0,0.0,0.03509,0.03509,0.03509,,,18892854.0,,18892854.0
2021-05-07,31,11170016.0,0,0,0.0,0.0096,0.0096,0.0096,,,10717334.0,,10717334.0
2021-05-10,31,11190439.0,0,0,0.0,0.0058,0.0058,0.0058,,,3886508.0,,3886508.0
2021-05-11,31,11248699.0,0,0,0.0,0.00249,0.00249,0.00249,,,1018480.0,,1018480.0
2021-05-12,31,11276710.0,0,0,0.0,0.03376,0.03376,0.03376,,,12208804.0,,12208804.0
2021-05-13,31,11063070.0,0,0,0.0,0.04451,0.04451,0.04451,,,9575195.0,,9575195.0
2021-05-14,31,10810796.0,0,0,0.0,0.04502,0.04502,0.04502,,,5845859.0,,5845859.0
2021-05-17,31,10525647.0,0,0,0.0,0.04023,0.04023,0.04023,,,18963279.0,,18963279.0
2021-05-18,31,10102196.0,1,0,0.03226,0.0027,0.00052,0.0027,,,1128462.0,,1128462.0
2021-05-19,32,10119006.0,0,0,0.0,0.02066,0.02066,0.02066,,,4970476.0,,4970476.0
2021-05-20,32,10273638.0,0,0,0.0,0.00524,0.00524,0.00524,,,472876.0,,472876.0
2021-05-21,32,10327435.0,0,0,0.0,0.0102,0.0102,0.0102,,,883834.0,,883834.0
2021-05-24,32,10432172.0,0,0,0.0,0.00919,0.00919,0.00919,,,2131415.0,,2131415.0
2021-05-25,32,10518264.0,2,0,0.0625,0.37865,0.01636,0.37865,,,28451936.0,,28451936.0
2021-05-26,34,14461417.0,0,1,0.02941,0.02824,0.02824,0.02824,,,27485538.0,,27485538.0
2021-05-27,33,14218531.0,0,2,0.06061,0.00141,0.0014,0.00141,,,762140.0,,762140.0
2021-05-28,31,14220040.0,0,0,0.0,0.00096,0.00096,0.00096,,,605064.0,,605064.0
2021-06-01,31,14206440.0,0,0,0.0,0.0,0.0,0.0,,,0.0,,0.0
2021-06-02,31,14206440.0,0,0,0.0,0.01014,0.01014,0.01014,,,8743585.0,,8743585.0
2021-06-03,31,14068336.0,0,0,0.0,0.00459,0.00459,0.00459,,,3810920.0,,3810920.0
2021-06-04,31,14108881.0,0,0,0.0,0.00388,0.00388,0.00388,,,2290601.0,,2290601.0
2021-06-07,31,14163681.0,0,0,0.0,0.00358,0.00358,0.00358,,,2098174.0,,2098174.0
2021-06-08,31,14214414.0,0,0,0.0,0.00692,0.00692,0.00692,,,6864644.0,,6864644.0
2021-06-09,31,14240903.0,0,0,0.0,0.08879,0.08879,0.08879,,,18996845.0,,18996845.0
2021-06-10,31,15235157.0,0,0,0.0,0.01748,0.01748,0.01748,,,14316121.0,,14316121.0
2021-06-11,31,15046771.0,0,0,0.0,0.0,0.0,0.0,,,0.0,,0.0
2021-06-14,31,15046771.0,0,0,0.0,0.0,0.0,0.0,,,0.0,,0.0
2021-06-15,31,15046771.0,0,0,0.0,0.00931,0.00931,0.00931,,,12133126.0,,12133126.0
2021-06-16,31,15118533.0,0,0,0.0,0.01048,0.01048,0.01048,,,2193447.0,,2193447.0
2021-06-17,31,15244894.0,0,0,0.0,0.0021,0.0021,0.0021,,,359938.0,,359938.0
2021-06-18,31,15276974.0,0,0,0.0,0.0,0.0,0.0,,,0.0,,0.0
2021-06-21,31,15276974.0,0,0,0.0,0.00665,0.00665,0.00665,,,4061899.0,,4061899.0
2021-06-22,31,15175325.0,0,0,0.0,0.01024,0.01024,0.01024,,,10829656.0,,10829656.0
2021-06-23,31,15064327.0,0,0,0.0,0.04137,0.04137,0.04137,,,4641143.0,,4641143.0
2021-06-24,31,15687477.0,0,0,0.0,0.0,0.0,0.0,,,0.0,,0.0
2021-06-25,31,15687477.0,0,0,0.0,0.0,0.0,0.0,,,0.0,,0.0
2021-06-28,31,15687477.0,0,0,0.0,0.0,0.0,0.0,,,0.0,,0.0
2021-06-29,31,15687477.0,0,0,0.0,0.00259,0.00259,0.00259,,,3192580.0,,3192580.0
2021-06-30,31,15652812.0,0,0,0.0,0.0,0.0,0.0,,,0.0,,0.0
2021-07-01,31,15652812.0,0,0,0.0,0.0,0.0,0.0,,,0.0,,0.0
2021-07-02,31,15652812.0,0,0,0.0,0.0,0.0,0.0,,,0.0,,0.0
2021-07-06,31,15652812.0,0,0,0.0,0.0,0.0,0.0,,,0.0,,0.0
2021-07-07,31,15652812.0,0,0,0.0,0.00569,0.00569,0.00569,,,5603761.0,,5603761.0
2021-07-08,31,15623479.0,0,0,0.0,0.02499,0.02499,0.02499,,,17252908.0,,17252908.0
2021-07-09,31,15905801.0,0,0,0.0,0.0,0.0,0.0,,,0.0,,0.0
2021-07-12,31,15905801.0,0,0,0.0,0.0,0.0,0.0,,,0.0,,0.0
2021-07-13,31,15905801.0,0,0,0.0,0.0,0.0,0.0,,,0.0,,0.0
2021-07-14,31,15905801.0,0,0,0.0,0.00079,0.00079,0.00079,,,1244567.0,,1244567.0
2021-07-15,31,15912119.0,0,0,0.0,0.0,0.0,0.0,,,0.0,,0.0
2021-07-16,31,15912119.0,0,0,0.0,0.0008,0.0008,0.0008,,,1172775.0,,1172775.0
2021-07-19,31,15918567.0,0,0,0.0,0.0,0.0,0.0,,,0.0,,0.0
2021-07-20,31,15918567.0,0,0,0.0,0.02312,0.02312,0.02312,,,17706216.0,,17706216.0
2021-07-21,31,15914540.0,0,0,0.0,0.05496,0.05496,0.05496,,,7738968.0,,7738968.0
2021-07-22,31,16720179.0,0,0,0.0,0.09927,0.09927,0.09927,,,7428698.0,,7428698.0
2021-07-23,31,18379923.0,0,0,0.0,0.01318,0.01318,0.01318,,,1631804.0,,1631804.0
2021-07-26,31,18607709.0,0,0,0.0,0.0,0.0,0.0,,,0.0,,0.0
2021-07-27,31,18607709.0,0,0,0.0,0.00078,0.00078,0.00078,,,3171401.0,,3171401.0
2021-07-28,31,18601233.0,0,0,0.0,0.18143,0.18143,0.18143,,,25674868.0,,25674868.0
2021-07-29,31,15572827.0,0,2,0.06452,0.02119,0.02072,0.02119,,,11946150.0,,11946150.0
2021-07-30,29,15528585.0,0,0,0.0,0.01033,0.01033,0.01033,,,4045518.0,,4045518.0
2021-08-02,29,15688508.0,0,0,0.0,0.00015,0.00015,0.00015,,,232308.0,,232308.0
2021-08-03,29,15690727.0,0,0,0.0,0.00274,0.00274,0.00274,,,6884550.0,,6884550.0
2021-08-04,29,15675199.0,0,1,0.03448,0.0,0.0,0.0,,,1451.0,,1451.0
2021-08-05,28,15675174.0,0,0,0.0,0.0,0.0,0.0,,,0.0,,0.0
2021-08-06,28,15675174.0,0,0,0.0,2e-05,2e-05,2e-05,,,98505.0,,98505.0
2021-08-09,28,15675457.0,0,0,0.0,0.00335,0.00335,0.00335,,,2032371.0,,2032371.0
2021-08-10,28,15622982.0,0,0,0.0,0.00538,0.00538,0.00538,,,5936301.0,,5936301.0
2021-08-11,28,15670996.0,0,0,0.0,0.03124,0.03124,0.03124,,,8332397.0,,8332397.0
2021-08-12,28,16129988.0,0,0,0.0,0.00711,0.00711,0.00711,,,1088634.0,,1088634.0
2021-08-13,28,16236962.0,1,0,0.03571,0.0043,0.0005,0.0043,,,3082071.0,,3082071.0
2021-08-16,29,16290648.0,0,0,0.0,0.0084,0.0084,0.0084,,,5054736.0,,5054736.0
2021-08-17,29,16153855.0,0,0,0.0,0.00887,0.00887,0.00887,,,3829651.0,,3829651.0
2021-08-18,29,16277834.0,0,0,0.0,0.00593,0.00593,0.00593,,,3353170.0,,3353170.0
2021-08-19,29,16338303.0,0,0,0.0,0.00982,0.00982,0.00982,,,5677688.0,,5677688.0
2021-08-20,29,16177832.0,0,0,0.0,0.00725,0.00725,0.00725,,,2834234.0,,2834234.0
2021-08-23,29,16295143.0,0,0,0.0,0.0,0.0,0.0,,,0.0,,0.0
2021-08-24,29,16295143.0,0,0,0.0,0.00679,0.00679,0.00679,,,9768324.0,,9768324.0
2021-08-25,29,16309542.0,0,0,0.0,0.07369,0.07369,0.07369,,,12674131.0,,12674131.0
2021-08-26,29,17042304.0,0,0,0.0,0.0196,0.0196,0.0196,,,3398596.0,,3398596.0
2021-08-27,29,17376405.0,0,0,0.0,0.00126,0.00126,0.00126,,,1351906.0,,1351906.0
2021-08-30,29,17379908.0,0,0,0.0,0.00065,0.00065,0.00065,,,440088.0,,440088.0
2021-08-31,29,17391201.0,0,0,0.0,0.00808,0.00808,0.00808,,,4900424.0,,4900424.0
2021-09-01,29,17252824.0,0,0,0.0,0.00392,0.00392,0.00392,,,2453982.0,,2453982.0
2021-09-02,29,17320514.0,0,0,0.0,0.00716,0.00716,0.00716,,,6062977.0,,6062977.0
2021-09-03,29,17401824.0,0,0,0.0,0.00391,0.00391,0.00391,,,2451086.0,,2451086.0
2021-09-07,29,17357060.0,0,1,0.03448,0.01673,0.01673,0.01673,,,4188503.0,,4188503.0
2021-09-08,28,17544886.0,0,0,0.0,0.01391,0.01391,0.01391,,,16105427.0,,16105427.0
2021-09-09,28,17665050.0,0,0,0.0,0.02356,0.02356,0.02356,,,11188577.0,,11188577.0
2021-09-10,28,17989038.0,0,0,0.0,0.00187,0.00187,0.00187,,,2447084.0,,2447084.0
2021-09-13,28,17989781.0,0,0,0.0,0.01064,0.01064,0.01064,,,7465506.0,,7465506.0
2021-09-14,28,17804815.0,0,0,0.0,0.0,0.0,0.0,,,0.0,,0.0
2021-09-15,28,17804815.0,0,0,0.0,0.00703,0.00703,0.00703,,,4080679.0,,4080679.0
2021-09-16,28,17679561.0,0,0,0.0,0.01331,0.01331,0.01331,,,9945370.0,,9945370.0
2021-09-17,28,17719032.0,0,0,0.0,0.0082,0.0082,0.0082,,,4515741.0,,4515741.0
2021-09-20,28,17745795.0,0,0,0.0,0.00138,0.00138,0.00138,,,934570.0,,934570.0
2021-09-21,28,17736259.0,0,0,0.0,0.01581,0.01581,0.01581,,,6059920.0,,6059920.0
2021-09-22,28,17949669.0,0,0,0.0,0.0088,0.0088,0.0088,,,2676150.0,,2676150.0
2021-09-23,28,18091882.0,0,0,0.0,0.00199,0.00199,0.00199,,,674810.0,,674810.0
2021-09-24,28,18124303.0,0,0,0.0,0.00532,0.00532,0.00532,,,3071990.0,,3071990.0
2021-09-27,28,18027831.0,0,0,0.0,0.01611,0.01611,0.01611,,,9191104.0,,9191104.0
2021-09-28,28,17737450.0,0,0,0.0,0.00123,0.00123,0.00123,,,2129321.0,,2129321.0
2021-09-29,28,17746975.0,0,0,0.0,0.0021,0.0021,0.0021,,,3022534.0,,3022534.0
2021-09-30,28,17755957.0,0,0,0.0,0.00063,0.00063,0.00063,,,397787.0,,397787.0
2021-10-01,28,17767112.0,0,0,0.0,7e-05,7e-05,7e-05,,,13624.0,,13624.0
2021-10-04,28,17768422.0,0,1,0.03571,0.38667,0.11766,0.38667,,,50487582.0,,50487582.0
2021-10-05,27,10897867.0,1,0,0.03704,0.64096,0.14386,0.64096,,,73852461.0,,73852461.0
2021-10-06,28,17865745.0,0,0,0.0,0.01057,0.01057,0.01057,,,6947468.0,,6947468.0
2021-10-07,28,17810369.0,0,0,0.0,0.00089,0.00089,0.00089,,,497670.0,,497670.0
2021-10-08,28,17796491.0,0,0,0.0,0.00063,0.00063,0.00063,,,400794.0,,400794.0
2021-10-11,28,17807677.0,0,0,0.0,0.00597,0.00597,0.00597,,,2815061.0,,2815061.0
2021-10-12,28,17753974.0,0,0,0.0,0.01287,0.01287,0.01287,,,3099569.0,,3099569.0
2021-10-13,28,17868151.0,0,0,0.0,0.0,0.0,0.0,,,0.0,,0.0
2021-10-14,28,17868151.0,0,0,0.0,0.01118,0.01118,0.01118,,,1420050.0,,1420050.0
2021-10-15,28,18067870.0,0,0,0.0,0.00063,0.00063,0.00063,,,79269.0,,79269.0
2021-10-18,28,18079168.0,0,0,0.0,0.00242,0.00242,0.00242,,,302791.0,,302791.0
2021-10-19,28,18122880.0,0,0,0.0,0.00799,0.00799,0.00799,,,3608022.0,,3608022.0
2021-10-20,28,18138410.0,0,0,0.0,0.0,0.0,0.0,,,0.0,,0.0
2021-10-21,28,18138410.0,0,0,0.0,0.0,0.0,0.0,,,0.0,,0.0
2021-10-22,28,18138410.0,0,0,0.0,0.0,0.0,0.0,,,0.0,,0.0
2021-10-25,28,18138410.0,0,0,0.0,0.00052,0.00052,0.00052,,,2307565.0,,2307565.0
2021-10-26,28,18136920.0,1,0,0.03571,0.02579,0.02174,0.02579,,,9016777.0,,9016777.0
2021-10-27,29,18567603.0,0,0,0.0,0.00192,0.00192,0.00192,,,3178674.0,,3178674.0
2021-10-28,29,18566776.0,0,0,0.0,0.05739,0.05739,0.05739,,,11990115.0,,11990115.0
2021-11-12,29,19599478.0,0,1,0.03448,0.05744,0.05742,0.05744,,,35747494.0,,35747494.0
2021-11-15,28,19950962.0,1,0,0.03571,0.01808,0.00113,0.01808,,,12082203.0,,12082203.0
2021-11-16,29,20266621.0,0,0,0.0,0.00447,0.00447,0.00447,,,4011110.0,,4011110.0
2021-11-17,29,20332506.0,0,0,0.0,0.00159,0.00159,0.00159,,,581337.0,,581337.0
2021-11-18,29,20338376.0,0,0,0.0,0.00341,0.00341,0.00341,,,463725.0,,463725.0
2021-11-19,29,20407776.0,0,0,0.0,0.00345,0.00345,0.00345,,,459739.0,,459739.0
2021-11-22,29,20478270.0,0,0,0.0,0.00759,0.00759,0.00759,,,4092543.0,,4092543.0
2021-11-23,29,20322777.0,0,0,0.0,0.00203,0.00203,0.00203,,,1609257.0,,1609257.0
2021-11-24,29,20360016.0,0,0,0.0,0.00312,0.00312,0.00312,,,1454410.0,,1454410.0
2021-11-26,29,20399548.0,0,0,0.0,0.01528,0.01528,0.01528,,,7948803.0,,7948803.0
2021-11-29,29,20087836.0,0,0,0.0,0.0,0.0,0.0,,,0.0,,0.0
2021-11-30,29,20087836.0,0,0,0.0,0.0037,0.0037,0.0037,,,4751247.0,,4751247.0
2021-12-01,29,20133991.0,0,0,0.0,0.00018,0.00018,0.00018,,,141381.0,,141381.0
2021-12-02,29,20137668.0,0,0,0.0,0.00023,0.00023,0.00023,,,1542867.0,,1542867.0
2021-12-03,29,20135022.0,0,0,0.0,0.00788,0.00788,0.00788,,,4533589.0,,4533589.0
2021-12-06,29,19981222.0,0,0,0.0,0.00982,0.00982,0.00982,,,4671574.0,,4671574.0
2021-12-07,29,19785095.0,0,0,0.0,0.00791,0.00791,0.00791,,,3771776.0,,3771776.0
2021-12-08,29,19628642.0,0,0,0.0,0.0,0.0,0.0,,,0.0,,0.0
2021-12-09,29,19628642.0,0,0,0.0,0.0,0.0,0.0,,,0.0,,0.0
2021-12-10,29,19628642.0,0,0,0.0,0.0,0.0,0.0,,,0.0,,0.0
2021-12-13,29,19628642.0,0,0,0.0,0.0,0.0,0.0,,,0.0,,0.0
2021-12-14,29,19628642.0,0,0,0.0,0.00431,0.00431,0.00431,,,4148949.0,,4148949.0
2021-12-15,29,19691778.0,0,0,0.0,0.00297,0.00297,0.00297,,,2208752.0,,2208752.0
2021-12-16,29,19675318.0,0,1,0.03448,0.0098,0.0098,0.0098,,,4349483.0,,4349483.0
2021-12-17,28,19638578.0,0,0,0.0,0.00402,0.00402,0.00402,,,1851660.0,,1851660.0
2021-12-20,28,19559642.0,0,0,0.0,0.0,0.0,0.0,,,0.0,,0.0
2021-12-21,28,19559642.0,0,0,0.0,0.00038,0.00038,0.00038,,,1349849.0,,1349849.0
2021-12-22,28,19556330.0,0,0,0.0,0.0,0.0,0.0,,,0.0,,0.0
2021-12-23,28,19556330.0,0,0,0.0,0.0,0.0,0.0,,,0.0,,0.0
2021-12-27,28,19556330.0,0,0,0.0,0.0,0.0,0.0,,,0.0,,0.0
2021-12-28,28,19556330.0,0,0,0.0,0.0,0.0,0.0,,,0.0,,0.0
2021-12-29,28,19556330.0,0,0,0.0,0.00163,0.00163,0.00163,,,266015.0,,266015.0
2021-12-30,28,19588303.0,0,0,0.0,0.00145,0.00145,0.00145,,,241729.0,,241729.0
2021-12-31,28,19616675.0,0,0,0.0,1e-05,1e-05,1e-05,,,1868.0,,1868.0
2022-01-03,28,19616881.0,0,0,0.0,0.0,0.0,0.0,,,0.0,,0.0
2022-01-04,28,19616881.0,0,0,0.0,0.00716,0.00716,0.00716,,,7187078.0,,7187078.0
2022-01-05,28,19710555.0,0,0,0.0,0.00433,0.00433,0.00433,,,894047.0,,894047.0
2022-01-06,28,19795969.0,0,0,0.0,0.00116,0.00116,0.00116,,,300722.0,,300722.0
2022-01-07,28,19818876.0,0,0,0.0,0.00834,0.00834,0.00834,,,4328472.0,,4328472.0
2022-01-10,28,19653545.0,0,0,0.0,0.00135,0.00135,0.00135,,,133324.0,,133324.0
2022-01-11,28,19680053.0,0,0,0.0,0.00156,0.00156,0.00156,,,1170841.0,,1170841.0
2022-01-12,28,19705590.0,0,0,0.0,0.04619,0.04619,0.04619,,,6905702.0,,6905702.0
2022-01-13,28,18922955.0,0,0,0.0,0.0,0.0,0.0,,,0.0,,0.0
2022-01-14,28,18922955.0,0,0,0.0,0.0,0.0,0.0,,,0.0,,0.0
2022-01-18,28,18922955.0,0,0,0.0,0.0,0.0,0.0,,,0.0,,0.0
2022-01-19,28,18922955.0,0,0,0.0,0.02219,0.02219,0.02219,,,10761580.0,,10761580.0
2022-01-20,28,19324707.0,0,0,0.0,0.01299,0.01299,0.01299,,,6602616.0,,6602616.0
2022-01-21,28,19288919.0,0,0,0.0,0.01526,0.01526,0.01526,,,7479191.0,,7479191.0
2022-01-24,28,19145800.0,0,0,0.0,0.01176,0.01176,0.01176,,,4434134.0,,4434134.0
2022-01-25,28,18976902.0,0,0,0.0,0.01112,0.01112,0.01112,,,6317401.0,,6317401.0
2022-01-26,28,18784277.0,0,0,0.0,0.00658,0.00658,0.00658,,,2632283.0,,2632283.0
2022-01-27,28,18670472.0,0,0,0.0,0.0003,0.0003,0.0003,,,1029031.0,,1029031.0
2022-01-28,28,18671551.0,0,0,0.0,0.00147,0.00147,0.00147,,,2442627.0,,2442627.0
2022-01-31,28,18694603.0,0,0,0.0,0.00297,0.00297,0.00297,,,1375277.0,,1375277.0
2022-02-01,28,18640999.0,0,0,0.0,0.00788,0.00788,0.00788,,,4239697.0,,4239697.0
2022-02-02,28,18597571.0,0,1,0.03571,0.00212,0.00211,0.00212,,,1057507.0,,1057507.0
2022-02-03,27,18628891.0,0,0,0.0,0.00069,0.00069,0.00069,,,235332.0,,235332.0
2022-02-04,27,18635215.0,0,0,0.0,0.00072,0.00072,0.00072,,,261813.0,,261813.0
2022-02-07,27,18637249.0,0,0,0.0,0.00072,0.00072,0.00072,,,373795.0,,373795.0
2022-02-08,27,18632251.0,0,0,0.0,0.00469,0.00469,0.00469,,,2338585.0,,2338585.0
2022-02-09,27,18708662.0,0,0,0.0,0.00116,0.00116,0.00116,,,704600.0,,704600.0
2022-02-10,27,18687002.0,0,0,0.0,0.00107,0.00107,0.00107,,,674562.0,,674562.0
2022-02-11,27,18667443.0,0,0,0.0,7e-05,7e-05,7e-05,,,85610.0,,85610.0
2022-02-14,27,18668841.0,0,0,0.0,0.00012,0.00012,0.00012,,,162617.0,,162617.0
2022-02-15,27,18671068.0,0,0,0.0,0.00263,0.00263,0.00263,,,1354393.0,,1354393.0
2022-02-16,27,18716301.0,0,0,0.0,0.00025,0.00025,0.00025,,,18694.0,,18694.0
2022-02-17,27,18721040.0,0,0,0.0,0.00056,0.00056,0.00056,,,42378.0,,42378.0
2022-02-18,27,18731613.0,0,0,0.0,0.0117,0.0117,0.0117,,,3375307.0,,3375307.0
2022-02-22,27,18800920.0,0,0,0.0,0.02222,0.02222,0.02222,,,4984662.0,,4984662.0
2022-02-23,27,18881970.0,1,0,0.03704,0.01447,0.01401,0.01447,,,4040867.0,,4040867.0
2022-02-24,28,18694669.0,0,0,0.0,0.00263,0.00263,0.00263,,,668165.0,,668165.0
2022-02-25,28,18738019.0,0,0,0.0,0.00029,0.00029,0.00029,,,147312.0,,147312.0
2022-02-28,28,18742026.0,0,0,0.0,0.0044,0.0044,0.0044,,,805407.0,,805407.0
2022-03-01,28,18824210.0,0,0,0.0,0.00322,0.00322,0.00322,,,4080948.0,,4080948.0
2022-03-02,28,18858514.0,0,0,0.0,0.00093,0.00093,0.00093,,,126947.0,,126947.0
2022-03-03,28,18875914.0,0,0,0.0,0.0089,0.0089,0.0089,,,3250680.0,,3250680.0
2022-03-04,28,19043839.0,0,0,0.0,0.00408,0.00408,0.00408,,,1595795.0,,1595795.0
2022-03-07,28,19121468.0,0,0,0.0,0.0,0.0,0.0,,,14144.0,,14144.0
2022-03-08,28,19121508.0,0,0,0.0,0.00839,0.00839,0.00839,,,5221223.0,,5221223.0
2022-03-09,28,19277017.0,0,0,0.0,0.00237,0.00237,0.00237,,,1081307.0,,1081307.0
2022-03-10,28,19322642.0,0,1,0.03571,0.0,0.0,0.0,,,55.0,,55.0
2022-03-11,27,19322637.0,0,0,0.0,0.00262,0.00262,0.00262,,,1212298.0,,1212298.0
2022-03-14,27,19373295.0,0,0,0.0,1e-05,1e-05,1e-05,,,29883.0,,29883.0
2022-03-15,27,19373417.0,0,0,0.0,0.00952,0.00952,0.00952,,,1354669.0,,1354669.0
2022-03-16,27,19537658.0,0,0,0.0,0.00049,0.00049,0.00049,,,39103.0,,39103.0
2022-03-17,27,19547266.0,0,0,0.0,0.0,0.0,0.0,,,0.0,,0.0
2022-03-18,27,19547266.0,0,0,0.0,0.0,0.0,0.0,,,0.0,,0.0
2022-03-21,27,19547266.0,0,0,0.0,0.0,0.0,0.0,,,0.0,,0.0
2022-03-22,27,19547266.0,0,0,0.0,0.0,0.0,0.0,,,0.0,,0.0
2022-03-23,27,19547266.0,0,0,0.0,0.0,0.0,0.0,,,0.0,,0.0
2022-03-24,27,19547266.0,0,0,0.0,0.0,0.0,0.0,,,0.0,,0.0
2022-03-25,27,19547266.0,0,0,0.0,0.0,0.0,0.0,,,0.0,,0.0
2022-03-28,27,19547266.0,0,0,0.0,0.0,0.0,0.0,,,0.0,,0.0
2022-03-29,27,19547266.0,0,0,0.0,0.0012,0.0012,0.0012,,,1448094.0,,1448094.0
2022-03-30,27,19557076.0,0,0,0.0,0.00045,0.00045,0.00045,,,425329.0,,425329.0
2022-03-31,27,19557927.0,0,0,0.0,0.00198,0.00198,0.00198,,,780404.0,,780404.0
2022-04-01,27,19593306.0,0,0,0.0,0.004,0.004,0.004,,,3248897.0,,3248897.0
2022-04-04,27,19657712.0,0,0,0.0,0.00118,0.00118,0.00118,,,268272.0,,268272.0
2022-04-05,27,19680939.0,0,0,0.0,5e-05,5e-05,5e-05,,,12190.0,,12190.0
2022-04-06,27,19681999.0,0,0,0.0,0.0,0.0,0.0,,,0.0,,0.0
2022-04-07,27,19681999.0,0,0,0.0,1e-05,1e-05,1e-05,,,31561.0,,31561.0
2022-04-08,27,19682141.0,0,0,0.0,0.0,0.0,0.0,,,0.0,,0.0
2022-04-11,27,19682141.0,0,0,0.0,0.0,0.0,0.0,,,0.0,,0.0
2022-04-12,27,19682141.0,0,0,0.0,0.00157,0.00157,0.00157,,,252878.0,,252878.0
2022-04-13,27,19713131.0,0,0,0.0,0.00051,0.00051,0.00051,,,85656.0,,85656.0
2022-04-14,27,19723220.0,0,0,0.0,0.00801,0.00801,0.00801,,,3334526.0,,3334526.0
2022-04-18,27,19565316.0,0,0,0.0,0.0,0.0,0.0,,,0.0,,0.0
2022-04-19,27,19565316.0,0,0,0.0,0.0,0.0,0.0,,,0.0,,0.0
2022-04-20,27,19565316.0,0,0,0.0,0.00482,0.00482,0.00482,,,3054846.0,,3054846.0
2022-04-21,27,19483383.0,0,0,0.0,0.00037,0.00037,0.00037,,,808869.0,,808869.0
2022-04-22,27,19484993.0,0,0,0.0,1e-05,1e-05,1e-05,,,10963.0,,10963.0
2022-04-25,27,19484735.0,0,0,0.0,0.0005,0.0005,0.0005,,,100456.0,,100456.0
2022-04-26,27,19494488.0,0,0,0.0,0.00094,0.00094,0.00094,,,1267827.0,,1267827.0
2022-04-27,27,19506058.0,0,0,0.0,0.00106,0.00106,0.00106,,,966813.0,,966813.0
2022-04-28,27,19522113.0,0,0,0.0,0.00111,0.00111,0.00111,,,221608.0,,221608.0
2022-04-29,27,19543700.0,0,0,0.0,2e-05,2e-05,2e-05,,,9385.0,,9385.0
2022-05-02,27,19543311.0,0,0,0.0,0.00065,0.00065,0.00065,,,119239.0,,119239.0
2022-05-03,27,19540391.0,0,0,0.0,0.00074,0.00074,0.00074,,,1468994.0,,1468994.0
2022-05-04,27,19548760.0,0,0,0.0,0.0,0.0,0.0,,,0.0,,0.0
2022-05-05,27,19548760.0,0,0,0.0,0.0,0.0,0.0,,,0.0,,0.0
2022-05-06,27,19548760.0,0,0,0.0,0.0,0.0,0.0,,,0.0,,0.0
2022-05-09,27,19548760.0,0,0,0.0,0.0,0.0,0.0,,,0.0,,0.0
2022-05-10,27,19548760.0,0,0,0.0,0.00356,0.00356,0.00356,,,2941249.0,,2941249.0
2022-05-11,27,19600967.0,0,0,0.0,0.006,0.006,0.006,,,2115402.0,,2115402.0
2022-05-12,27,19488221.0,0,0,0.0,0.01427,0.01427,0.01427,,,4632560.0,,4632560.0
2022-05-13,27,19215627.0,0,0,0.0,0.00068,0.00068,0.00068,,,914831.0,,914831.0
2022-05-16,27,19224120.0,0,0,0.0,0.0,0.0,0.0,,,0.0,,0.0
2022-05-17,27,19224120.0,0,0,0.0,0.0,0.0,0.0,,,0.0,,0.0
2022-05-18,27,19224120.0,0,0,0.0,0.0,0.0,0.0,,,0.0,,0.0
2022-05-19,27,19224120.0,0,0,0.0,0.0,0.0,0.0,,,0.0,,0.0
2022-05-20,27,19224120.0,0,0,0.0,0.0,0.0,0.0,,,0.0,,0.0
2022-05-23,27,19224120.0,0,0,0.0,0.00441,0.00441,0.00441,,,1433765.0,,1433765.0
2022-05-24,27,19139317.0,0,0,0.0,0.0,0.0,0.0,,,0.0,,0.0
2022-05-25,27,19139317.0,0,0,0.0,0.0,0.0,0.0,,,0.0,,0.0
2022-05-26,27,19139317.0,0,0,0.0,0.0,0.0,0.0,,,0.0,,0.0
2022-05-27,27,19139317.0,0,0,0.0,0.00443,0.00443,0.00443,,,1454458.0,,1454458.0
2022-05-31,27,19054508.0,0,0,0.0,0.0,0.0,0.0,,,0.0,,0.0
2022-06-01,27,19054508.0,0,0,0.0,0.0,0.0,0.0,,,0.0,,0.0
2022-06-02,27,19054508.0,0,0,0.0,0.0,0.0,0.0,,,0.0,,0.0
2022-06-03,27,19054508.0,0,0,0.0,0.0,0.0,0.0,,,0.0,,0.0
2022-06-06,27,19054508.0,0,0,0.0,0.0,0.0,0.0,,,0.0,,0.0
2022-06-07,27,19054508.0,0,0,0.0,0.00046,0.00046,0.00046,,,401441.0,,401441.0
2022-06-08,27,19056777.0,0,0,0.0,0.00039,0.00039,0.00039,,,446196.0,,446196.0
2022-06-09,27,19056052.0,0,0,0.0,0.00958,0.00958,0.00958,,,3020853.0,,3020853.0
2022-06-10,27,19016118.0,0,0,0.0,0.00124,0.00124,0.00124,,,419121.0,,419121.0
2022-06-13,27,19033250.0,0,0,0.0,0.00832,0.00832,0.00832,,,2570933.0,,2570933.0
2022-06-14,27,18920599.0,0,0,0.0,0.00473,0.00473,0.00473,,,1114035.0,,1114035.0
2022-06-15,27,18961099.0,0,0,0.0,0.00169,0.00169,0.00169,,,411660.0,,411660.0
2022-06-16,27,18973099.0,0,0,0.0,0.00107,0.00107,0.00107,,,419546.0,,419546.0
2022-06-17,27,18955199.0,0,0,0.0,0.00464,0.00464,0.00464,,,941520.0,,941520.0
2022-06-21,27,19023199.0,0,0,0.0,0.00449,0.00449,0.00449,,,1234953.0,,1234953.0
2022-06-22,27,19037231.0,0,0,0.0,0.02019,0.02019,0.02019,,,6092927.0,,6092927.0
2022-06-23,27,18890319.0,0,0,0.0,0.00467,0.00467,0.00467,,,1396930.0,,1396930.0
2022-06-28,27,18802037.0,0,0,0.0,0.00221,0.00221,0.00221,,,129103.0,,129103.0
2022-06-29,27,18842827.0,0,0,0.0,0.0,0.0,0.0,,,0.0,,0.0
2022-06-30,27,18842827.0,0,0,0.0,0.0,0.0,0.0,,,0.0,,0.0
2022-07-01,27,18842827.0,0,0,0.0,0.0,0.0,0.0,,,0.0,,0.0
2022-07-05,27,18842827.0,0,0,0.0,0.0,0.0,0.0,,,0.0,,0.0
2022-07-06,27,18842827.0,0,0,0.0,0.0,0.0,0.0,,,0.0,,0.0
2022-07-07,27,18842827.0,0,0,0.0,0.0,0.0,0.0,,,0.0,,0.0
2022-07-08,27,18842827.0,0,0,0.0,0.0,0.0,0.0,,,0.0,,0.0
2022-07-11,27,18842827.0,0,0,0.0,0.0,0.0,0.0,,,0.0,,0.0
2022-07-12,27,18842827.0,0,0,0.0,0.0,0.0,0.0,,,0.0,,0.0
2022-07-13,27,18842827.0,0,0,0.0,0.0,0.0,0.0,,,0.0,,0.0
2022-07-14,27,18842827.0,0,0,0.0,0.00578,0.00578,0.00578,,,2158989.0,,2158989.0
2022-07-15,27,18766401.0,0,0,0.0,0.0,0.0,0.0,,,0.0,,0.0
2022-07-18,27,18766401.0,0,0,0.0,0.0,0.0,0.0,,,0.0,,0.0
2022-07-19,27,18766401.0,0,0,0.0,0.0021,0.0021,0.0021,,,1698055.0,,1698055.0
2022-07-20,27,18805902.0,0,0,0.0,0.01233,0.01233,0.01233,,,5353254.0,,5353254.0
2022-07-21,27,18611139.0,0,0,0.0,0.00074,0.00074,0.00074,,,427998.0,,427998.0
2022-07-22,27,18624942.0,0,0,0.0,0.00207,0.00207,0.00207,,,987424.0,,987424.0
2022-07-25,27,18663537.0,0,0,0.0,0.00917,0.00917,0.00917,,,2792764.0,,2792764.0
2022-07-26,27,18530504.0,0,0,0.0,0.0,0.0,0.0,,,0.0,,0.0
2022-07-27,27,18530504.0,0,0,0.0,0.0,0.0,0.0,,,0.0,,0.0
2022-07-28,27,18530504.0,0,0,0.0,0.0,0.0,0.0,,,0.0,,0.0
2022-07-29,27,18530504.0,0,0,0.0,0.0,0.0,0.0,,,0.0,,0.0
2022-08-01,27,18530504.0,0,0,0.0,0.0,0.0,0.0,,,0.0,,0.0
2022-08-02,27,18530504.0,0,0,0.0,0.00121,0.00121,0.00121,,,476811.0,,476811.0
2022-08-03,27,18550699.0,0,0,0.0,0.00085,0.00085,0.00085,,,153815.0,,153815.0
2022-08-04,27,18565960.0,0,0,0.0,0.00079,0.00079,0.00079,,,179902.0,,179902.0
2022-08-05,27,18579828.0,0,0,0.0,0.00198,0.00198,0.00198,,,129063.0,,129063.0
2022-08-08,27,18616671.0,0,0,0.0,0.00046,0.00046,0.00046,,,29780.0,,29780.0
2022-08-09,27,18625304.0,0,0,0.0,0.00079,0.00079,0.00079,,,51625.0,,51625.0
2022-08-10,27,18640009.0,0,0,0.0,0.00114,0.00114,0.00114,,,73572.0,,73572.0
2022-08-11,27,18661174.0,0,0,0.0,7e-05,7e-05,7e-05,,,4311.0,,4311.0
2022-08-12,27,18662393.0,0,0,0.0,0.00452,0.00452,0.00452,,,1509133.0,,1509133.0
2022-08-15,27,18577946.0,0,0,0.0,0.00474,0.00474,0.00474,,,388470.0,,388470.0
2022-08-16,27,18660366.0,0,0,0.0,0.00055,0.00055,0.00055,,,37429.0,,37429.0
2022-08-17,27,18670560.0,0,0,0.0,0.0,0.0,0.0,,,0.0,,0.0
2022-08-18,27,18670560.0,0,0,0.0,0.00088,0.00088,0.00088,,,54565.0,,54565.0
2022-08-19,27,18686957.0,0,0,0.0,0.0,0.0,0.0,,,0.0,,0.0
2022-08-22,27,18686957.0,0,0,0.0,0.0,0.0,0.0,,,0.0,,0.0
2022-08-23,27,18686957.0,0,0,0.0,0.0,0.0,0.0,,,0.0,,0.0
2022-08-24,27,18686957.0,0,0,0.0,0.0,0.0,0.0,,,0.0,,0.0
2022-08-25,27,18686957.0,0,0,0.0,0.0,0.0,0.0,,,0.0,,0.0
2022-08-26,27,18686957.0,0,0,0.0,0.0,0.0,0.0,,,0.0,,0.0
2022-08-29,27,18686957.0,0,0,0.0,0.0,0.0,0.0,,,0.0,,0.0
2022-08-30,27,18686957.0,0,0,0.0,0.00169,0.00169,0.00169,,,386741.0,,386741.0
2022-08-31,27,18704545.0,0,0,0.0,0.00167,0.00167,0.00167,,,91096.0,,91096.0
2022-09-01,27,18735837.0,0,0,0.0,0.00011,0.00011,0.00011,,,5876.0,,5876.0
2022-09-02,27,18737850.0,0,0,0.0,0.00414,0.00414,0.00414,,,1590843.0,,1590843.0
2022-09-06,27,18670487.0,0,0,0.0,0.00277,0.00277,0.00277,,,142800.0,,142800.0
2022-09-07,27,18722143.0,0,0,0.0,0.00078,0.00078,0.00078,,,113979.0,,113979.0
2022-09-08,27,18733525.0,0,0,0.0,0.00545,0.00545,0.00545,,,1608238.0,,1608238.0
2022-09-09,27,18810997.0,0,0,0.0,0.00164,0.00164,0.00164,,,567705.0,,567705.0
2022-09-12,27,18831795.0,0,0,0.0,0.00021,0.00021,0.00021,,,233611.0,,233611.0
2022-09-13,27,18831760.0,0,0,0.0,0.00349,0.00349,0.00349,,,2848577.0,,2848577.0
2022-09-14,27,18834731.0,0,0,0.0,0.00337,0.00337,0.00337,,,364727.0,,364727.0
2022-09-15,27,18891618.0,0,0,0.0,0.00279,0.00279,0.00279,,,709368.0,,709368.0
2022-09-16,27,18920143.0,0,0,0.0,0.0,0.0,0.0,,,1338.0,,1338.0
2022-09-19,27,18920113.0,0,0,0.0,0.00021,0.00021,0.00021,,,196294.0,,196294.0
2022-09-20,27,18916497.0,0,0,0.0,0.00572,0.00572,0.00572,,,273108.0,,273108.0
2022-09-21,27,19024777.0,0,0,0.0,0.00172,0.00172,0.00172,,,90672.0,,90672.0
2022-09-22,27,19057417.0,0,0,0.0,0.00434,0.00434,0.00434,,,1311066.0,,1311066.0
2022-09-23,27,18974687.0,0,0,0.0,0.00055,0.00055,0.00055,,,439690.0,,439690.0
2022-09-26,27,18985154.0,0,0,0.0,0.0,0.0,0.0,,,0.0,,0.0
2022-09-27,27,18985154.0,0,0,0.0,0.006,0.006,0.006,,,461941.0,,461941.0
2022-09-28,27,19090201.0,0,0,0.0,0.00279,0.00279,0.00279,,,413330.0,,413330.0
2022-09-29,27,19132874.0,0,0,0.0,9e-05,9e-05,9e-05,,,150574.0,,150574.0
2022-09-30,27,19131150.0,0,0,0.0,0.0082,0.0082,0.0082,,,558059.0,,558059.0
2022-10-03,27,19283297.0,0,0,0.0,0.0012,0.0012,0.0012,,,562034.0,,562034.0
2022-10-04,27,19294326.0,0,0,0.0,0.00388,0.00388,0.00388,,,1151992.0,,1151992.0
2022-10-05,27,19283546.0,0,0,0.0,0.00096,0.00096,0.00096,,,77775.0,,77775.0
2022-10-06,27,19301262.0,0,0,0.0,0.00049,0.00049,0.00049,,,24389.0,,24389.0
2022-10-07,27,19310647.0,0,0,0.0,0.00109,0.00109,0.00109,,,53999.0,,53999.0
2022-10-10,27,19331702.0,0,0,0.0,0.00183,0.00183,0.00183,,,197882.0,,197882.0
2022-10-11,27,19367009.0,0,0,0.0,0.0041,0.0041,0.0041,,,1030849.0,,1030849.0
2022-10-12,27,19416684.0,0,0,0.0,0.00695,0.00695,0.00695,,,327407.0,,327407.0
2022-10-13,27,19551653.0,0,0,0.0,0.0,0.0,0.0,,,0.0,,0.0
2022-10-14,27,19551653.0,0,0,0.0,0.0,0.0,0.0,,,0.0,,0.0
2022-10-17,27,19551653.0,0,0,0.0,0.0,0.0,0.0,,,0.0,,0.0
2022-10-18,27,19551653.0,0,0,0.0,0.00025,0.00025,0.00025,,,251486.0,,251486.0
2022-10-19,27,19546784.0,0,0,0.0,0.0,0.0,0.0,,,0.0,,0.0
2022-10-20,27,19546784.0,0,0,0.0,0.00713,0.00713,0.00713,,,1881794.0,,1881794.0
2022-10-21,27,19407425.0,0,0,0.0,0.0,0.0,0.0,,,0.0,,0.0
2022-10-24,27,19407425.0,0,0,0.0,0.0,0.0,0.0,,,0.0,,0.0
2022-10-25,27,19407425.0,0,0,0.0,0.00086,0.00086,0.00086,,,557818.0,,557818.0
2022-10-26,27,19404885.0,0,0,0.0,0.0001,0.0001,0.0001,,,5153.0,,5153.0
2022-10-27,27,19406849.0,0,0,0.0,0.00042,0.00042,0.00042,,,21197.0,,21197.0
2022-10-28,27,19415009.0,0,0,0.0,0.00021,0.00021,0.00021,,,10928.0,,10928.0
2022-10-31,27,19419160.0,0,0,0.0,0.00018,0.00018,0.00018,,,9738.0,,9738.0
2022-11-01,27,19422643.0,0,0,0.0,0.00014,0.00014,0.00014,,,7664.0,,7664.0
2022-11-02,27,19425414.0,0,0,0.0,0.00033,0.00033,0.00033,,,17304.0,,17304.0
2022-11-03,27,19431731.0,0,0,0.0,0.00122,0.00122,0.00122,,,61457.0,,61457.0
2022-11-04,27,19455403.0,0,0,0.0,3e-05,3e-05,3e-05,,,1653.0,,1653.0
2022-11-07,27,19456039.0,0,0,0.0,0.00451,0.00451,0.00451,,,1276328.0,,1276328.0
2022-11-08,27,19368340.0,0,0,0.0,0.00022,0.00022,0.00022,,,11040.0,,11040.0
2022-11-09,27,19372575.0,0,0,0.0,0.00048,0.00048,0.00048,,,24151.0,,24151.0
2022-11-10,27,19381851.0,0,0,0.0,0.00159,0.00159,0.00159,,,73766.0,,73766.0
2022-11-11,27,19412582.0,0,0,0.0,0.0,0.0,0.0,,,0.0,,0.0
2022-11-14,27,19412582.0,0,0,0.0,0.0,0.0,0.0,,,0.0,,0.0
2022-11-15,27,19412582.0,1,0,0.03704,0.00805,0.00738,0.00805,,,3959470.0,,3959470.0
2022-11-16,28,19468910.0,0,0,0.0,0.00264,0.00264,0.00264,,,367038.0,,367038.0
2022-11-17,28,19520232.0,0,0,0.0,0.00015,0.00015,0.00015,,,197069.0,,197069.0
2022-11-18,28,19523085.0,0,0,0.0,0.01343,0.01343,0.01343,,,3845042.0,,3845042.0
2022-11-21,28,19267219.0,0,0,0.0,0.00591,0.00591,0.00591,,,733312.0,,733312.0
2022-11-22,28,19381062.0,0,0,0.0,0.0,0.0,0.0,,,0.0,,0.0
2022-11-23,28,19381062.0,0,0,0.0,0.0009,0.0009,0.0009,,,83650.0,,83650.0
2022-11-25,28,19398562.0,0,0,0.0,0.0,0.0,0.0,,,0.0,,0.0
2022-11-28,28,19398562.0,0,0,0.0,0.00064,0.00064,0.00064,,,55562.0,,55562.0
2022-11-29,28,19410909.0,0,0,0.0,0.0,0.0,0.0,,,0.0,,0.0
2022-11-30,28,19410909.0,0,0,0.0,0.0,0.0,0.0,,,0.0,,0.0
2022-12-01,28,19410909.0,0,0,0.0,0.0,0.0,0.0,,,0.0,,0.0
2022-12-02,28,19410909.0,0,0,0.0,0.0,0.0,0.0,,,0.0,,0.0
2022-12-05,28,19410909.0,0,0,0.0,0.0,0.0,0.0,,,0.0,,0.0
2022-12-06,28,19410909.0,0,0,0.0,0.0,0.0,0.0,,,0.0,,0.0
2022-12-07,28,19410909.0,0,0,0.0,0.0,0.0,0.0,,,0.0,,0.0
2022-12-08,28,19410909.0,0,0,0.0,0.0,0.0,0.0,,,0.0,,0.0
2022-12-09,28,19410909.0,0,0,0.0,0.0,0.0,0.0,,,0.0,,0.0
2022-12-13,28,19410909.0,0,0,0.0,0.0,0.0,0.0,,,0.0,,0.0
2022-12-14,28,19410909.0,0,0,0.0,0.0,0.0,0.0,,,0.0,,0.0
2022-12-15,28,19410909.0,0,0,0.0,0.0,0.0,0.0,,,0.0,,0.0
2022-12-16,28,19410909.0,0,0,0.0,0.00974,0.00974,0.00974,,,2497025.0,,2497025.0
2022-12-19,28,19221756.0,0,0,0.0,0.0,0.0,0.0,,,0.0,,0.0
2022-12-20,28,19221756.0,0,0,0.0,0.0,0.0,0.0,,,0.0,,0.0
2022-12-21,28,19221756.0,0,0,0.0,0.0,0.0,0.0,,,0.0,,0.0
2022-12-22,28,19221756.0,0,0,0.0,0.0,0.0,0.0,,,0.0,,0.0
2022-12-23,28,19221756.0,0,0,0.0,0.0,0.0,0.0,,,0.0,,0.0
2022-12-27,28,19221756.0,0,0,0.0,0.0,0.0,0.0,,,0.0,,0.0
2022-12-28,28,19221756.0,0,0,0.0,0.0,0.0,0.0,,,0.0,,0.0
2022-12-29,28,19221756.0,0,0,0.0,0.0,0.0,0.0,,,0.0,,0.0
2022-12-30,28,19221756.0,0,0,0.0,0.0213,0.0213,0.0213,,,5229169.0,,5229169.0
2023-01-03,28,19631258.0,0,0,0.0,0.0,0.0,0.0,,,0.0,,0.0
2023-01-04,28,19631258.0,0,0,0.0,0.0,0.0,0.0,,,0.0,,0.0
2023-01-05,28,19631258.0,0,0,0.0,0.0,0.0,0.0,,,0.0,,0.0
2023-01-06,28,19631258.0,0,0,0.0,0.0,0.0,0.0,,,0.0,,0.0
2023-01-09,28,19631258.0,0,0,0.0,0.0,0.0,0.0,,,0.0,,0.0
2023-01-10,28,19631258.0,0,0,0.0,0.0,0.0,0.0,,,0.0,,0.0
2023-01-11,28,19631258.0,0,0,0.0,0.02647,0.02647,0.02647,,,7175333.0,,7175333.0
2023-01-12,28,19111549.0,0,0,0.0,0.0,0.0,0.0,,,0.0,,0.0
2023-01-13,28,19111549.0,0,0,0.0,0.0,0.0,0.0,,,0.0,,0.0
2023-01-17,28,19111549.0,0,0,0.0,0.0,0.0,0.0,,,0.0,,0.0
2023-01-18,28,19111549.0,0,0,0.0,0.0,0.0,0.0,,,0.0,,0.0
2023-01-19,28,19111549.0,0,0,0.0,0.0,0.0,0.0,,,0.0,,0.0
2023-01-20,28,19111549.0,0,0,0.0,0.0,0.0,0.0,,,0.0,,0.0
2023-01-23,28,19111549.0,0,0,0.0,0.0,0.0,0.0,,,0.0,,0.0
2023-01-24,28,19111549.0,0,0,0.0,0.0,0.0,0.0,,,0.0,,0.0
2023-01-25,28,19111549.0,0,0,0.0,0.0,0.0,0.0,,,0.0,,0.0
2023-01-26,28,19111549.0,0,0,0.0,0.0,0.0,0.0,,,0.0,,0.0
2023-01-27,28,19111549.0,0,0,0.0,0.0,0.0,0.0,,,0.0,,0.0
2023-01-30,28,19111549.0,0,0,0.0,0.0,0.0,0.0,,,0.0,,0.0
2023-01-31,28,19111549.0,0,0,0.0,0.0,0.0,0.0,,,0.0,,0.0
2023-02-01,28,19111549.0,0,0,0.0,0.0,0.0,0.0,,,0.0,,0.0
2023-02-02,28,19111549.0,0,0,0.0,0.0,0.0,0.0,,,0.0,,0.0
2023-02-03,28,19111549.0,0,0,0.0,0.0,0.0,0.0,,,0.0,,0.0
2023-02-06,28,19111549.0,0,0,0.0,0.0,0.0,0.0,,,0.0,,0.0
2023-02-07,28,19111549.0,0,0,0.0,0.0,0.0,0.0,,,0.0,,0.0
2023-02-08,28,19111549.0,0,0,0.0,0.0,0.0,0.0,,,0.0,,0.0
2023-02-09,28,19111549.0,0,0,0.0,0.0,0.0,0.0,,,0.0,,0.0
2023-02-10,28,19111549.0,0,0,0.0,0.0,0.0,0.0,,,0.0,,0.0
2023-02-13,28,19111549.0,0,0,0.0,0.0,0.0,0.0,,,0.0,,0.0
2023-02-14,28,19111549.0,0,0,0.0,0.00029,0.00029,0.00029,,,156465.0,,156465.0
2023-02-15,28,19107976.0,0,0,0.0,0.00102,0.00102,0.00102,,,466442.0,,466442.0
2023-02-16,28,19119189.0,0,0,0.0,0.0004,0.0004,0.0004,,,110312.0,,110312.0
2023-02-17,28,19121002.0,0,0,0.0,0.00271,0.00271,0.00271,,,501200.0,,501200.0
2023-02-21,28,19164219.0,0,0,0.0,0.00029,0.00029,0.00029,,,68683.0,,68683.0
2023-02-22,28,19166145.0,0,0,0.0,0.001,0.001,0.001,,,338999.0,,338999.0
2023-02-23,28,19181177.0,0,0,0.0,0.00524,0.00524,0.00524,,,953723.0,,953723.0
2023-02-24,28,19280379.0,0,0,0.0,6e-05,6e-05,6e-05,,,34611.0,,34611.0
2023-02-27,28,19279392.0,0,0,0.0,0.00136,0.00136,0.00136,,,58571.0,,58571.0
2023-02-28,28,19305603.0,0,0,0.0,0.00355,0.00355,0.00355,,,299627.0,,299627.0
2023-03-01,28,19354065.0,0,0,0.0,0.00616,0.00616,0.00616,,,1161942.0,,1161942.0
2023-03-02,28,19351422.0,0,0,0.0,0.00752,0.00752,0.00752,,,885077.0,,885077.0
2023-03-03,28,19397036.0,0,0,0.0,0.00569,0.00569,0.00569,,,465145.0,,465145.0
2023-03-06,28,19472470.0,0,0,0.0,1e-05,1e-05,1e-05,,,6995.0,,6995.0
2023-03-07,28,19472268.0,0,0,0.0,0.0,0.0,0.0,,,1676.0,,1676.0
2023-03-08,28,19472218.0,0,1,0.03571,0.01105,0.01104,0.01105,,,1882826.0,,1882826.0
2023-03-09,27,19671635.0,0,0,0.0,0.0,0.0,0.0,,,0.0,,0.0
2023-03-10,27,19671635.0,0,0,0.0,0.0,0.0,0.0,,,0.0,,0.0
2023-03-13,27,19671635.0,0,0,0.0,0.0,0.0,0.0,,,0.0,,0.0
2023-03-14,27,19671635.0,0,0,0.0,0.0,0.0,0.0,,,0.0,,0.0
2023-03-15,27,19671635.0,0,0,0.0,0.00023,0.00023,0.00023,,,219188.0,,219188.0
2023-03-16,27,19676159.0,0,0,0.0,0.00107,0.00107,0.00107,,,551059.0,,551059.0
2023-03-17,27,19662989.0,0,0,0.0,0.0,0.0,0.0,,,0.0,,0.0
2023-03-20,27,19662989.0,0,0,0.0,0.0,0.0,0.0,,,0.0,,0.0
2023-03-21,27,19662989.0,0,0,0.0,0.0,0.0,0.0,,,0.0,,0.0
2023-03-22,27,19662989.0,0,0,0.0,0.00496,0.00496,0.00496,,,1360098.0,,1360098.0
2023-03-23,27,19565458.0,0,0,0.0,0.0,0.0,0.0,,,0.0,,0.0
2023-03-24,27,19565458.0,0,0,0.0,0.0,0.0,0.0,,,0.0,,0.0
2023-03-27,27,19565458.0,0,0,0.0,0.0,0.0,0.0,,,0.0,,0.0
2023-03-28,27,19565458.0,0,0,0.0,0.0,0.0,0.0,,,0.0,,0.0
2023-03-29,27,19565458.0,0,0,0.0,0.0,0.0,0.0,,,0.0,,0.0
2023-03-30,27,19565458.0,0,0,0.0,0.0,0.0,0.0,,,0.0,,0.0
2023-03-31,27,19565458.0,0,0,0.0,0.0,0.0,0.0,,,0.0,,0.0
2023-04-03,27,19565458.0,0,0,0.0,0.0,0.0,0.0,,,0.0,,0.0
2023-04-04,27,19565458.0,0,0,0.0,0.0,0.0,0.0,,,0.0,,0.0
2023-04-05,27,19565458.0,0,0,0.0,0.00997,0.00997,0.00997,,,2776672.0,,2776672.0
2023-04-06,27,19370401.0,0,0,0.0,0.00032,0.00032,0.00032,,,187875.0,,187875.0
2023-04-10,27,19376575.0,0,0,0.0,0.00088,0.00088,0.00088,,,371535.0,,371535.0
2023-04-11,27,19359475.0,0,0,0.0,0.00028,0.00028,0.00028,,,165863.0,,165863.0
2023-04-12,27,19364883.0,0,0,0.0,7e-05,7e-05,7e-05,,,43613.0,,43613.0
2023-04-13,27,19366299.0,0,0,0.0,0.0,0.0,0.0,,,0.0,,0.0
2023-04-14,27,19366299.0,0,0,0.0,0.0,0.0,0.0,,,0.0,,0.0
2023-04-17,27,19366299.0,0,0,0.0,0.0,0.0,0.0,,,0.0,,0.0
2023-04-18,27,19366299.0,0,0,0.0,0.0,0.0,0.0,,,0.0,,0.0
2023-04-19,27,19366299.0,0,0,0.0,0.0,0.0,0.0,,,0.0,,0.0
2023-04-20,27,19366299.0,0,0,0.0,0.0,0.0,0.0,,,0.0,,0.0
2023-04-21,27,19366299.0,0,0,0.0,0.0,0.0,0.0,,,0.0,,0.0
2023-04-24,27,19366299.0,0,0,0.0,0.0,0.0,0.0,,,0.0,,0.0
2023-04-25,27,19366299.0,0,0,0.0,0.0,0.0,0.0,,,0.0,,0.0
2023-04-26,27,19366299.0,0,0,0.0,0.0,0.0,0.0,,,0.0,,0.0
2023-04-27,27,19366299.0,0,0,0.0,0.00756,0.00756,0.00756,,,1960512.0,,1960512.0
2023-04-28,27,19219929.0,0,0,0.0,0.0,0.0,0.0,,,0.0,,0.0
2023-05-01,27,19219929.0,0,0,0.0,0.0,0.0,0.0,,,0.0,,0.0
2023-05-02,27,19219929.0,0,0,0.0,0.0,0.0,0.0,,,0.0,,0.0
2023-05-03,27,19219929.0,0,0,0.0,0.0,0.0,0.0,,,0.0,,0.0
2023-05-04,27,19219929.0,0,0,0.0,0.0,0.0,0.0,,,0.0,,0.0
2023-05-05,27,19219929.0,0,0,0.0,0.0,0.0,0.0,,,0.0,,0.0
2023-05-08,27,19219929.0,0,0,0.0,0.0,0.0,0.0,,,0.0,,0.0
2023-05-09,27,19219929.0,0,0,0.0,0.0,0.0,0.0,,,0.0,,0.0
2023-05-10,27,19219929.0,0,0,0.0,0.0,0.0,0.0,,,0.0,,0.0
2023-05-11,27,19219929.0,0,0,0.0,0.00762,0.00762,0.00762,,,2028465.0,,2028465.0
2023-05-12,27,19073540.0,0,0,0.0,0.0,0.0,0.0,,,0.0,,0.0
2023-05-15,27,19073540.0,0,0,0.0,0.00132,0.00132,0.00132,,,45356.0,,45356.0
2023-05-16,27,19098683.0,0,0,0.0,0.00357,0.00357,0.00357,,,1153494.0,,1153494.0
2023-05-17,27,19030429.0,0,0,0.0,0.0,0.0,0.0,,,0.0,,0.0
2023-05-18,27,19030429.0,0,0,0.0,0.0,0.0,0.0,,,0.0,,0.0
2023-05-19,27,19030429.0,0,0,0.0,0.0,0.0,0.0,,,0.0,,0.0
2023-05-22,27,19030429.0,0,0,0.0,0.00469,0.00469,0.00469,,,1385603.0,,1385603.0
2023-05-23,27,19115262.0,0,0,0.0,0.00019,0.00019,0.00019,,,8865.0,,8865.0
2023-05-24,27,19118922.0,0,0,0.0,0.0,0.0,0.0,,,0.0,,0.0
2023-05-25,27,19118922.0,0,0,0.0,0.0,0.0,0.0,,,0.0,,0.0
2023-05-26,27,19118922.0,0,0,0.0,0.00531,0.00531,0.00531,,,2627536.0,,2627536.0
2023-05-30,27,19199321.0,0,0,0.0,9e-05,9e-05,9e-05,,,27554.0,,27554.0
2023-05-31,27,19201085.0,0,0,0.0,0.0003,0.0003,0.0003,,,450431.0,,450431.0
2023-06-01,27,19203181.0,0,0,0.0,0.0,0.0,0.0,,,0.0,,0.0
2023-06-02,27,19203181.0,0,0,0.0,0.0,0.0,0.0,,,0.0,,0.0
2023-06-05,27,19203181.0,0,0,0.0,0.0,0.0,0.0,,,0.0,,0.0
2023-06-06,27,19203181.0,0,0,0.0,0.0,0.0,0.0,,,0.0,,0.0
2023-06-07,27,19203181.0,0,0,0.0,0.0,0.0,0.0,,,0.0,,0.0
2023-06-08,27,19203181.0,0,0,0.0,0.0,0.0,0.0,,,0.0,,0.0
2023-06-09,27,19203181.0,0,0,0.0,0.0,0.0,0.0,,,0.0,,0.0
2023-06-12,27,19203181.0,0,0,0.0,0.0,0.0,0.0,,,0.0,,0.0
2023-06-13,27,19203181.0,0,0,0.0,0.0,0.0,0.0,,,0.0,,0.0
2023-06-14,27,19203181.0,0,0,0.0,0.0,0.0,0.0,,,0.0,,0.0
2023-06-15,27,19203181.0,0,0,0.0,0.0,0.0,0.0,,,0.0,,0.0
2023-06-16,27,19203181.0,0,0,0.0,0.0,0.0,0.0,,,0.0,,0.0
2023-06-20,27,19203181.0,0,0,0.0,0.0,0.0,0.0,,,0.0,,0.0
2023-06-21,27,19203181.0,0,0,0.0,0.0,0.0,0.0,,,0.0,,0.0
2023-06-22,27,19203181.0,0,0,0.0,0.0,0.0,0.0,,,0.0,,0.0
2023-06-23,27,19203181.0,0,0,0.0,0.0,0.0,0.0,,,0.0,,0.0
2023-06-26,27,19203181.0,0,0,0.0,0.0,0.0,0.0,,,0.0,,0.0
2023-06-27,27,19203181.0,0,0,0.0,0.01538,0.01538,0.01538,,,4268043.0,,4268043.0
2023-06-28,27,18907929.0,0,0,0.0,0.0,0.0,0.0,,,0.0,,0.0
2023-06-29,27,18907929.0,0,0,0.0,0.0,0.0,0.0,,,0.0,,0.0
2023-06-30,27,18907929.0,0,0,0.0,0.0,0.0,0.0,,,0.0,,0.0
2023-07-03,27,18907929.0,0,0,0.0,0.0,0.0,0.0,,,0.0,,0.0
2023-07-05,27,18907929.0,0,0,0.0,0.0,0.0,0.0,,,0.0,,0.0
2023-07-06,27,18907929.0,0,0,0.0,0.0,0.0,0.0,,,0.0,,0.0
2023-07-07,27,18907929.0,0,0,0.0,0.0,0.0,0.0,,,0.0,,0.0
2023-07-10,27,18907929.0,0,0,0.0,0.0,0.0,0.0,,,0.0,,0.0
2023-07-11,27,18907929.0,0,0,0.0,0.0,0.0,0.0,,,0.0,,0.0
2023-07-12,27,18907929.0,0,0,0.0,0.0,0.0,0.0,,,0.0,,0.0
2023-07-13,27,18907929.0,0,0,0.0,0.00088,0.00088,0.00088,,,555249.0,,555249.0
2023-07-14,27,18898025.0,0,0,0.0,0.00091,0.00091,0.00091,,,417283.0,,417283.0
2023-07-17,27,18884613.0,0,0,0.0,0.00029,0.00029,0.00029,,,171511.0,,171511.0
2023-07-18,27,18881190.0,0,0,0.0,0.0012,0.0012,0.0012,,,305698.0,,305698.0
2023-07-19,27,18858636.0,0,0,0.0,2e-05,2e-05,2e-05,,,41705.0,,41705.0
2023-07-20,27,18858992.0,0,0,0.0,1e-05,1e-05,1e-05,,,24330.0,,24330.0
2023-07-21,27,18859203.0,0,0,0.0,0.0,0.0,0.0,,,0.0,,0.0
2023-07-24,27,18859203.0,0,0,0.0,0.0,0.0,0.0,,,0.0,,0.0
2023-07-25,27,18859203.0,0,0,0.0,0.0,0.0,0.0,,,0.0,,0.0
2023-07-26,27,18859203.0,0,0,0.0,0.00835,0.00835,0.00835,,,4209257.0,,4209257.0
2023-07-27,27,18804373.0,0,0,0.0,0.0,0.0,0.0,,,0.0,,0.0
2023-07-28,27,18804373.0,0,0,0.0,0.0,0.0,0.0,,,0.0,,0.0
2023-07-31,27,18804373.0,0,0,0.0,0.0,0.0,0.0,,,0.0,,0.0
2023-08-01,27,18804373.0,0,0,0.0,0.0,0.0,0.0,,,0.0,,0.0
2023-08-02,27,18804373.0,0,0,0.0,0.0,0.0,0.0,,,0.0,,0.0
2023-08-03,27,18804373.0,0,0,0.0,0.0,0.0,0.0,,,0.0,,0.0
2023-08-04,27,18804373.0,0,0,0.0,0.00025,0.00025,0.00025,,,135658.0,,135658.0
2023-08-07,27,18800132.0,0,0,0.0,2e-05,2e-05,2e-05,,,111807.0,,111807.0
2023-08-08,27,18800499.0,0,0,0.0,0.0,0.0,0.0,,,0.0,,0.0
2023-08-09,27,18800499.0,0,0,0.0,0.0,0.0,0.0,,,0.0,,0.0
2023-08-10,27,18800499.0,0,0,0.0,0.0,0.0,0.0,,,0.0,,0.0
2023-08-11,27,18800499.0,0,0,0.0,0.00927,0.00927,0.00927,,,1207576.0,,1207576.0
2023-08-14,27,18933147.0,0,0,0.0,0.00017,0.00017,0.00017,,,48010.0,,48010.0
2023-08-15,27,18929927.0,0,0,0.0,0.00043,0.00043,0.00043,,,122326.0,,122326.0
2023-08-16,27,18921799.0,0,0,0.0,6e-05,6e-05,6e-05,,,355800.0,,355800.0
2023-08-17,27,18922999.0,0,0,0.0,0.0,0.0,0.0,,,0.0,,0.0
2023-08-18,27,18922999.0,0,0,0.0,2e-05,2e-05,2e-05,,,109944.0,,109944.0
2023-08-21,27,18923378.0,0,0,0.0,0.0,0.0,0.0,,,0.0,,0.0
2023-08-22,27,18923378.0,0,0,0.0,0.0,0.0,0.0,,,0.0,,0.0
2023-08-23,27,18923378.0,0,0,0.0,0.0,0.0,0.0,,,0.0,,0.0
2023-08-24,27,18923378.0,0,0,0.0,0.0,0.0,0.0,,,0.0,,0.0
2023-08-25,27,18923378.0,0,0,0.0,0.0,0.0,0.0,,,0.0,,0.0
2023-08-28,27,18923378.0,0,0,0.0,0.0,0.0,0.0,,,0.0,,0.0
2023-08-29,27,18923378.0,0,0,0.0,0.01941,0.01941,0.01941,,,3664680.0,,3664680.0
2023-08-30,27,18556065.0,0,0,0.0,0.0,0.0,0.0,,,0.0,,0.0
2023-08-31,27,18556065.0,0,0,0.0,0.00261,0.00261,0.00261,,,65882.0,,65882.0
2023-09-01,27,18507565.0,0,0,0.0,0.0,0.0,0.0,,,0.0,,0.0
2023-09-05,27,18507565.0,0,0,0.0,9e-05,9e-05,9e-05,,,24031.0,,24031.0
2023-09-06,27,18505938.0,0,0,0.0,0.00141,0.00141,0.00141,,,620537.0,,620537.0
2023-09-07,27,18496117.0,0,0,0.0,0.00496,0.00496,0.00496,,,2124193.0,,2124193.0
2023-09-08,27,18446505.0,0,0,0.0,0.00084,0.00084,0.00084,,,152493.0,,152493.0
2023-09-11,27,18445626.0,0,0,0.0,0.0,0.0,0.0,,,0.0,,0.0
2023-09-12,27,18445626.0,0,0,0.0,0.00159,0.00159,0.00159,,,587178.0,,587178.0
2023-09-13,27,18446028.0,0,0,0.0,0.0123,0.0123,0.0123,,,1817048.0,,1817048.0
2023-09-14,27,18417486.0,0,0,0.0,0.00076,0.00076,0.00076,,,70882.0,,70882.0
2023-09-15,27,18425010.0,0,0,0.0,0.00053,0.00053,0.00053,,,51534.0,,51534.0
2023-09-18,27,18415476.0,0,0,0.0,8e-05,8e-05,8e-05,,,65714.0,,65714.0
2023-09-19,27,18416858.0,0,0,0.0,9e-05,9e-05,9e-05,,,51044.0,,51044.0
2023-09-20,27,18417534.0,0,0,0.0,0.00475,0.00475,0.00475,,,562651.0,,562651.0
2023-09-21,27,18477551.0,0,0,0.0,0.00714,0.00714,0.00714,,,694415.0,,694415.0
2023-09-22,27,18584276.0,0,0,0.0,0.00198,0.00198,0.00198,,,281002.0,,281002.0
2023-09-25,27,18607238.0,0,0,0.0,0.00283,0.00283,0.00283,,,326804.0,,326804.0
2023-09-26,27,18641477.0,0,0,0.0,0.00459,0.00459,0.00459,,,433832.0,,433832.0
2023-09-27,27,18706958.0,0,0,0.0,0.00106,0.00106,0.00106,,,59694.0,,59694.0
2023-09-28,27,18726814.0,0,0,0.0,0.00206,0.00206,0.00206,,,969555.0,,969555.0
2023-09-29,27,18708083.0,0,0,0.0,0.00148,0.00148,0.00148,,,167342.0,,167342.0
2023-10-02,27,18720829.0,0,0,0.0,0.01288,0.01288,0.01288,,,4055380.0,,4055380.0
2023-10-03,27,18479675.0,0,0,0.0,0.00075,0.00075,0.00075,,,42581.0,,42581.0
2023-10-04,27,18493451.0,0,0,0.0,0.00436,0.00436,0.00436,,,142299.0,,142299.0
2023-10-05,27,18463719.0,0,0,0.0,0.00751,0.00751,0.00751,,,1979459.0,,1979459.0
2023-10-06,27,18325145.0,0,0,0.0,0.00225,0.00225,0.00225,,,126059.0,,126059.0
2023-10-09,27,18366296.0,0,0,0.0,0.00079,0.00079,0.00079,,,228781.0,,228781.0
2023-10-10,27,18362250.0,0,0,0.0,0.00116,0.00116,0.00116,,,68266.0,,68266.0
2023-10-11,27,18383642.0,0,0,0.0,0.0027,0.0027,0.0027,,,162145.0,,162145.0
2023-10-12,27,18433351.0,0,0,0.0,0.00219,0.00219,0.00219,,,131792.0,,131792.0
2023-10-13,27,18473674.0,0,0,0.0,0.00034,0.00034,0.00034,,,19144.0,,19144.0
2023-10-16,27,18479865.0,0,0,0.0,0.00017,0.00017,0.00017,,,9264.0,,9264.0
2023-10-17,27,18482923.0,0,0,0.0,0.00033,0.00033,0.00033,,,18430.0,,18430.0
2023-10-18,27,18488933.0,0,0,0.0,5e-05,5e-05,5e-05,,,2743.0,,2743.0
2023-10-19,27,18489826.0,0,0,0.0,0.00058,0.00058,0.00058,,,31422.0,,31422.0
2023-10-20,27,18500534.0,0,0,0.0,0.00382,0.00382,0.00382,,,1986017.0,,1986017.0
2023-10-23,27,18479849.0,0,0,0.0,0.00019,0.00019,0.00019,,,10159.0,,10159.0
2023-10-24,27,18483428.0,0,0,0.0,0.0,0.0,0.0,,,0.0,,0.0
2023-10-25,27,18483428.0,0,0,0.0,0.0,0.0,0.0,,,0.0,,0.0
2023-10-26,27,18483428.0,0,0,0.0,0.0,0.0,0.0,,,0.0,,0.0
2023-10-27,27,18483428.0,0,0,0.0,0.0,0.0,0.0,,,0.0,,0.0
2023-10-30,27,18483428.0,0,0,0.0,0.0,0.0,0.0,,,0.0,,0.0
2023-10-31,27,18483428.0,0,0,0.0,0.0,0.0,0.0,,,0.0,,0.0
2023-11-01,27,18483428.0,0,0,0.0,0.0,0.0,0.0,,,0.0,,0.0
2023-11-02,27,18483428.0,0,0,0.0,0.00128,0.00128,0.00128,,,1426229.0,,1426229.0
2023-11-03,27,18494926.0,0,0,0.0,0.0,0.0,0.0,,,0.0,,0.0
2023-11-06,27,18494926.0,0,0,0.0,0.0,0.0,0.0,,,0.0,,0.0
2023-11-07,27,18494926.0,0,0,0.0,0.00137,0.00137,0.00137,,,1170346.0,,1170346.0
2023-11-08,27,18496945.0,0,0,0.0,0.01614,0.01614,0.01614,,,3969374.0,,3969374.0
2023-11-09,27,18198371.0,0,0,0.0,0.0,0.0,0.0,,,0.0,,0.0
2023-11-10,27,18198371.0,0,0,0.0,0.0,0.0,0.0,,,0.0,,0.0
2023-11-13,27,18198371.0,0,0,0.0,0.00074,0.00074,0.00074,,,569407.0,,569407.0
2023-11-14,27,18199311.0,0,0,0.0,7e-05,7e-05,7e-05,,,87707.0,,87707.0
2023-11-15,27,18198096.0,0,0,0.0,0.0,0.0,0.0,,,0.0,,0.0
2023-11-16,27,18198096.0,0,0,0.0,0.0,0.0,0.0,,,0.0,,0.0
2023-11-17,27,18198096.0,0,0,0.0,0.0,0.0,0.0,,,0.0,,0.0
2023-11-20,27,18198096.0,0,0,0.0,0.0,0.0,0.0,,,0.0,,0.0
2023-11-21,27,18198096.0,0,0,0.0,0.0,0.0,0.0,,,0.0,,0.0
2023-11-22,27,18198096.0,0,0,0.0,0.0,0.0,0.0,,,0.0,,0.0
2023-11-24,27,18198096.0,0,0,0.0,0.0,0.0,0.0,,,0.0,,0.0
2023-11-27,27,18198096.0,0,0,0.0,0.0,0.0,0.0,,,0.0,,0.0
2023-11-28,27,18198096.0,0,0,0.0,0.0,0.0,0.0,,,0.0,,0.0
2023-11-29,27,18198096.0,0,0,0.0,0.0,0.0,0.0,,,0.0,,0.0
2023-11-30,27,18198096.0,0,0,0.0,0.0,0.0,0.0,,,0.0,,0.0
2023-12-01,27,18198096.0,0,0,0.0,0.0,0.0,0.0,,,0.0,,0.0
2023-12-04,27,18198096.0,0,0,0.0,0.0,0.0,0.0,,,0.0,,0.0
2023-12-05,27,18198096.0,0,0,0.0,0.0,0.0,0.0,,,0.0,,0.0
2023-12-06,27,18198096.0,0,0,0.0,0.00156,0.00156,0.00156,,,840179.0,,840179.0
2023-12-07,27,18178488.0,0,0,0.0,0.00139,0.00139,0.00139,,,854589.0,,854589.0
2023-12-08,27,18168360.0,0,0,0.0,0.00027,0.00027,0.00027,,,192677.0,,192677.0
2023-12-11,27,18173206.0,0,0,0.0,0.00857,0.00857,0.00857,,,2345326.0,,2345326.0
2023-12-12,27,18017452.0,0,0,0.0,0.00089,0.00089,0.00089,,,584093.0,,584093.0
2023-12-13,27,18026496.0,0,0,0.0,0.00013,0.00013,0.00013,,,58305.0,,58305.0
2023-12-14,27,18024122.0,0,0,0.0,0.00017,0.00017,0.00017,,,124050.0,,124050.0
2023-12-15,27,18027204.0,0,0,0.0,0.0,0.0,0.0,,,0.0,,0.0
2023-12-18,27,18027204.0,0,0,0.0,0.01385,0.01385,0.01385,,,3794421.0,,3794421.0
2023-12-19,27,17777462.0,0,0,0.0,0.0,0.0,0.0,,,0.0,,0.0
2023-12-20,27,17777462.0,0,0,0.0,0.00562,0.00562,0.00562,,,1534702.0,,1534702.0
2023-12-21,27,17677565.0,0,0,0.0,0.0,0.0,0.0,,,0.0,,0.0
2023-12-22,27,17677565.0,0,0,0.0,0.0,0.0,0.0,,,0.0,,0.0
2023-12-26,27,17677565.0,0,0,0.0,0.0,0.0,0.0,,,0.0,,0.0
2023-12-27,27,17677565.0,0,0,0.0,0.00024,0.00024,0.00024,,,63919.0,,63919.0
2023-12-28,27,17673252.0,0,0,0.0,6e-05,6e-05,6e-05,,,15054.0,,15054.0
2023-12-29,27,17672223.0,0,0,0.0,4e-05,4e-05,4e-05,,,9910.0,,9910.0
2024-01-02,27,17671540.0,0,0,0.0,8e-05,8e-05,8e-05,,,19492.0,,19492.0
2024-01-03,27,17670175.0,0,0,0.0,2e-05,2e-05,2e-05,,,4692.0,,4692.0
2024-01-04,27,17669842.0,0,0,0.0,0.0,0.0,0.0,,,0.0,,0.0
2024-01-05,27,17669842.0,0,0,0.0,0.00212,0.00212,0.00212,,,982864.0,,982864.0
2024-01-08,27,17648679.0,0,0,0.0,0.0005,0.0005,0.0005,,,328930.0,,328930.0
2024-01-09,27,17656543.0,0,0,0.0,0.00152,0.00152,0.00152,,,742883.0,,742883.0
2024-01-10,27,17645303.0,0,0,0.0,0.00254,0.00254,0.00254,,,1532339.0,,1532339.0
2024-01-11,27,17643831.0,0,0,0.0,0.00135,0.00135,0.00135,,,741343.0,,741343.0
2024-01-12,27,17639621.0,0,0,0.0,0.00044,0.00044,0.00044,,,235111.0,,235111.0
2024-01-16,27,17641928.0,0,0,0.0,0.0,0.0,0.0,,,0.0,,0.0
2024-01-17,27,17641928.0,0,0,0.0,0.0113,0.0113,0.0113,,,2877167.0,,2877167.0
2024-01-18,27,17442539.0,0,0,0.0,0.0,0.0,0.0,,,0.0,,0.0
2024-01-19,27,17442539.0,0,0,0.0,0.0,0.0,0.0,,,0.0,,0.0
2024-01-22,27,17442539.0,0,0,0.0,0.0,0.0,0.0,,,0.0,,0.0
2024-01-23,27,17442539.0,0,0,0.0,0.0,0.0,0.0,,,0.0,,0.0
2024-01-24,27,17442539.0,0,0,0.0,1e-05,1e-05,1e-05,,,1881.0,,1881.0
2024-01-25,27,17442400.0,0,0,0.0,0.0,0.0,0.0,,,0.0,,0.0
2024-01-26,27,17442400.0,0,0,0.0,0.0,0.0,0.0,,,0.0,,0.0
2024-01-29,27,17442400.0,0,0,0.0,0.0,0.0,0.0,,,0.0,,0.0
2024-01-30,27,17442400.0,0,0,0.0,0.0,0.0,0.0,,,0.0,,0.0
2024-01-31,27,17442400.0,0,0,0.0,0.0,0.0,0.0,,,0.0,,0.0
2024-02-01,27,17442400.0,0,0,0.0,0.00175,0.00175,0.00175,,,1291882.0,,1291882.0
2024-02-02,27,17424930.0,0,1,0.03704,0.01685,0.01442,0.01685,,,2068021.0,,2068021.0
2024-02-05,26,17632510.0,0,0,0.0,0.0,0.0,0.0,,,0.0,,0.0
2024-02-06,26,17632510.0,0,0,0.0,0.0,0.0,0.0,,,0.0,,0.0
2024-02-07,26,17632510.0,0,0,0.0,0.0,0.0,0.0,,,0.0,,0.0
2024-02-08,26,17632510.0,0,0,0.0,0.0,0.0,0.0,,,0.0,,0.0
2024-02-09,26,17632510.0,0,0,0.0,0.00092,0.00092,0.00092,,,196953.0,,196953.0
2024-02-12,26,17634672.0,0,0,0.0,0.01421,0.01421,0.01421,,,3916826.0,,3916826.0
2024-02-13,26,17384007.0,0,0,0.0,0.00077,0.00077,0.00077,,,71184.0,,71184.0
2024-02-14,26,17394840.0,0,0,0.0,0.00125,0.00125,0.00125,,,62452.0,,62452.0
2024-02-15,26,17416566.0,0,0,0.0,0.00228,0.00228,0.00228,,,963138.0,,963138.0
2024-02-16,26,17403677.0,0,0,0.0,0.00154,0.00154,0.00154,,,281694.0,,281694.0
2024-02-20,26,17428970.0,0,0,0.0,0.00037,0.00037,0.00037,,,89589.0,,89589.0
2024-02-21,26,17427530.0,0,0,0.0,0.00017,0.00017,0.00017,,,8680.0,,8680.0
2024-02-22,26,17430460.0,0,0,0.0,0.00035,0.00035,0.00035,,,17614.0,,17614.0
2024-02-23,26,17436571.0,0,0,0.0,0.0004,0.0004,0.0004,,,19349.0,,19349.0
2024-02-26,26,17443525.0,0,0,0.0,0.00564,0.00564,0.00564,,,2410398.0,,2410398.0
2024-02-27,26,17504870.0,0,0,0.0,0.00087,0.00087,0.00087,,,366321.0,,366321.0
2024-02-28,26,17489613.0,0,0,0.0,0.00065,0.00065,0.00065,,,373539.0,,373539.0
2024-02-29,26,17490464.0,0,0,0.0,0.02014,0.02014,0.02014,,,5036373.0,,5036373.0
2024-03-01,26,17138272.0,0,0,0.0,0.0,0.0,0.0,,,0.0,,0.0
2024-03-04,26,17138272.0,0,0,0.0,0.0,0.0,0.0,,,0.0,,0.0
2024-03-05,26,17138272.0,0,0,0.0,0.0,0.0,0.0,,,0.0,,0.0
2024-03-06,26,17138272.0,1,0,0.03846,0.00831,0.0037,0.00831,,,6368627.0,,6368627.0
2024-03-07,27,17242293.0,0,0,0.0,0.0,0.0,0.0,,,0.0,,0.0
2024-03-08,27,17242293.0,0,0,0.0,0.00245,0.00245,0.00245,,,2290940.0,,2290940.0
2024-03-11,27,17273194.0,0,0,0.0,0.0,0.0,0.0,,,0.0,,0.0
2024-03-12,27,17273194.0,0,0,0.0,0.00896,0.00896,0.00896,,,2290757.0,,2290757.0
2024-03-13,27,17118455.0,0,0,0.0,3e-05,3e-05,3e-05,,,5655.0,,5655.0
2024-03-14,27,17118003.0,0,0,0.0,1e-05,1e-05,1e-05,,,1761.0,,1761.0
2024-03-15,27,17117857.0,0,1,0.03704,1e-05,0.0,1e-05,,,1857.0,,1857.0
2024-03-18,26,17117703.0,0,0,0.0,0.00597,0.00597,0.00597,,,1457788.0,,1457788.0
2024-03-19,26,17015494.0,0,0,0.0,0.00068,0.00068,0.00068,,,521705.0,,521705.0
2024-03-20,26,17015031.0,0,0,0.0,0.00018,0.00018,0.00018,,,81250.0,,81250.0
2024-03-21,26,17018156.0,0,0,0.0,1e-05,1e-05,1e-05,,,4806.0,,4806.0
2024-03-22,26,17018333.0,0,0,0.0,9e-05,9e-05,9e-05,,,44140.0,,44140.0
2024-03-25,26,17019934.0,0,0,0.0,0.00319,0.00319,0.00319,,,825397.0,,825397.0
2024-03-26,26,16972754.0,0,0,0.0,0.00305,0.00305,0.00305,,,2399766.0,,2399766.0
2024-03-27,26,16985165.0,0,0,0.0,0.00855,0.00855,0.00855,,,8665991.0,,8665991.0
2024-03-28,26,16974276.0,0,0,0.0,0.00083,0.00083,0.00083,,,255524.0,,255524.0
2024-04-01,26,16988370.0,0,0,0.0,0.00031,0.00031,0.00031,,,97267.0,,97267.0
2024-04-02,26,16993662.0,0,0,0.0,0.00136,0.00136,0.00136,,,425364.0,,425364.0
2024-04-03,26,17016830.0,0,0,0.0,0.00167,0.00167,0.00167,,,514244.0,,514244.0
2024-04-04,26,17045320.0,0,0,0.0,0.0,0.0,0.0,,,0.0,,0.0
2024-04-05,26,17045320.0,0,0,0.0,0.00603,0.00603,0.00603,,,1454287.0,,1454287.0
2024-04-08,26,16942597.0,0,0,0.0,0.0,0.0,0.0,,,0.0,,0.0
2024-04-09,26,16942597.0,0,0,0.0,0.00839,0.00839,0.00839,,,1089104.0,,1089104.0
2024-04-10,26,17055668.0,0,0,0.0,0.01446,0.01446,0.01446,,,3620755.0,,3620755.0
2024-04-11,26,16814138.0,0,0,0.0,0.05675,0.05675,0.05675,,,7153656.0,,7153656.0
2024-04-12,26,17383630.0,0,0,0.0,0.00062,0.00062,0.00062,,,186031.0,,186031.0
2024-04-15,26,17393307.0,0,0,0.0,0.00353,0.00353,0.00353,,,824226.0,,824226.0
2024-04-16,26,17350292.0,0,0,0.0,0.00596,0.00596,0.00596,,,396229.0,,396229.0
2024-04-17,26,17453746.0,0,0,0.0,0.00448,0.00448,0.00448,,,280422.0,,280422.0
2024-04-18,26,17531858.0,0,0,0.0,0.0,0.0,0.0,,,0.0,,0.0
2024-04-19,26,17531858.0,0,0,0.0,0.0,0.0,0.0,,,0.0,,0.0
2024-04-22,26,17531858.0,0,0,0.0,0.0,0.0,0.0,,,0.0,,0.0
2024-04-23,26,17531858.0,0,0,0.0,0.0,0.0,0.0,,,0.0,,0.0
2024-04-24,26,17531858.0,0,0,0.0,0.00309,0.00309,0.00309,,,722810.0,,722810.0
2024-04-25,26,17477736.0,0,0,0.0,0.0,0.0,0.0,,,0.0,,0.0
2024-04-26,26,17477736.0,0,0,0.0,0.0,0.0,0.0,,,0.0,,0.0
2024-04-29,26,17477736.0,0,0,0.0,0.0,0.0,0.0,,,0.0,,0.0
2024-04-30,26,17477736.0,0,0,0.0,0.0,0.0,0.0,,,0.0,,0.0
2024-05-01,26,17477736.0,0,0,0.0,0.00619,0.00619,0.00619,,,1465890.0,,1465890.0
2024-05-02,26,17369495.0,0,0,0.0,0.0,0.0,0.0,,,0.0,,0.0
2024-05-03,26,17369495.0,0,0,0.0,0.00316,0.00316,0.00316,,,798360.0,,798360.0
2024-05-06,26,17314610.0,0,0,0.0,1e-05,1e-05,1e-05,,,778.0,,778.0
2024-05-07,26,17314513.0,0,0,0.0,0.0,0.0,0.0,,,0.0,,0.0
2024-05-08,26,17314513.0,0,0,0.0,0.00578,0.00578,0.00578,,,2124131.0,,2124131.0
2024-05-09,26,17400497.0,0,0,0.0,0.00155,0.00155,0.00155,,,274293.0,,274293.0
2024-05-10,26,17425126.0,0,0,0.0,9e-05,9e-05,9e-05,,,175070.0,,175070.0
2024-05-13,26,17423576.0,0,0,0.0,0.00595,0.00595,0.00595,,,1658050.0,,1658050.0
2024-05-14,26,17471451.0,0,0,0.0,0.00112,0.00112,0.00112,,,494571.0,,494571.0
2024-05-15,26,17478133.0,0,0,0.0,0.00276,0.00276,0.00276,,,1198763.0,,1198763.0
2024-05-16,26,17478275.0,0,0,0.0,0.00128,0.00128,0.00128,,,1364468.0,,1364468.0
2024-05-17,26,17489039.0,0,0,0.0,0.0,0.0,0.0,,,0.0,,0.0
2024-05-20,26,17489039.0,0,0,0.0,0.0,0.0,0.0,,,0.0,,0.0
2024-05-21,26,17489039.0,0,0,0.0,0.00162,0.00162,0.00162,,,765154.0,,765154.0
2024-05-22,26,17492582.0,0,0,0.0,0.0,0.0,0.0,,,0.0,,0.0
2024-05-23,26,17492582.0,0,0,0.0,0.00938,0.00938,0.00938,,,2321205.0,,2321205.0
2024-05-24,26,17328525.0,0,0,0.0,0.0,0.0,0.0,,,0.0,,0.0
2024-05-28,26,17328525.0,0,0,0.0,0.0,0.0,0.0,,,0.0,,0.0
2024-05-29,26,17328525.0,0,0,0.0,0.0023,0.0023,0.0023,,,711385.0,,711385.0
2024-05-30,26,17344268.0,0,0,0.0,0.00682,0.00682,0.00682,,,3107711.0,,3107711.0
2024-05-31,26,17387749.0,0,0,0.0,0.00181,0.00181,0.00181,,,1275143.0,,1275143.0
2024-06-03,26,17406677.0,0,0,0.0,0.00479,0.00479,0.00479,,,1450829.0,,1450829.0
2024-06-04,26,17351514.0,0,0,0.0,0.0016,0.0016,0.0016,,,64313.0,,64313.0
2024-06-05,26,17379211.0,0,0,0.0,0.00194,0.00194,0.00194,,,79359.0,,79359.0
2024-06-06,26,17411850.0,0,0,0.0,2e-05,2e-05,2e-05,,,888.0,,888.0
2024-06-07,26,17412052.0,0,0,0.0,5e-05,5e-05,5e-05,,,2166.0,,2166.0
2024-06-10,26,17412957.0,0,0,0.0,0.00027,0.00027,0.00027,,,12829.0,,12829.0
2024-06-11,26,17416536.0,0,0,0.0,0.0,0.0,0.0,,,0.0,,0.0
2024-06-12,26,17416536.0,0,0,0.0,0.0001,0.0001,0.0001,,,4067.0,,4067.0
2024-06-13,26,17418224.0,0,0,0.0,0.0005,0.0005,0.0005,,,21442.0,,21442.0
2024-06-14,26,17427000.0,0,0,0.0,0.00133,0.00133,0.00133,,,54915.0,,54915.0
2024-06-17,26,17450127.0,0,0,0.0,0.00122,0.00122,0.00122,,,49555.0,,49555.0
2024-06-18,26,17471470.0,0,0,0.0,0.00769,0.00769,0.00769,,,5885810.0,,5885810.0
2024-06-20,26,17585379.0,0,0,0.0,0.00471,0.00471,0.00471,,,1528581.0,,1528581.0
2024-06-21,26,17533829.0,0,0,0.0,0.01549,0.01549,0.01549,,,3696765.0,,3696765.0
2024-06-24,26,17262307.0,0,0,0.0,0.00131,0.00131,0.00131,,,62000.0,,62000.0
2024-06-25,26,17268109.0,0,0,0.0,0.00348,0.00348,0.00348,,,757483.0,,757483.0
2024-06-26,26,17208088.0,0,0,0.0,0.00048,0.00048,0.00048,,,20688.0,,20688.0
2024-06-27,26,17216297.0,0,0,0.0,0.00037,0.00037,0.00037,,,15936.0,,15936.0
2024-06-28,26,17222388.0,0,0,0.0,0.00129,0.00129,0.00129,,,70542.0,,70542.0
2024-07-01,26,17212853.0,0,0,0.0,0.00062,0.00062,0.00062,,,26646.0,,26646.0
2024-07-02,26,17222914.0,0,0,0.0,0.0007,0.0007,0.0007,,,28920.0,,28920.0
2024-07-03,26,17235038.0,0,0,0.0,0.0023,0.0023,0.0023,,,99608.0,,99608.0
2024-07-05,26,17272190.0,0,0,0.0,0.00073,0.00073,0.00073,,,43222.0,,43222.0
2024-07-08,26,17284865.0,0,0,0.0,0.0,0.0,0.0,,,0.0,,0.0
2024-07-09,26,17284865.0,0,0,0.0,0.01618,0.01618,0.01618,,,3811659.0,,3811659.0
2024-07-10,26,17005120.0,0,0,0.0,0.0,0.0,0.0,,,0.0,,0.0
2024-07-11,26,17005120.0,0,0,0.0,0.0,0.0,0.0,,,0.0,,0.0
2024-07-12,26,17005120.0,0,0,0.0,0.00019,0.00019,0.00019,,,10105.0,,10105.0
2024-07-15,26,17001839.0,0,0,0.0,0.00021,0.00021,0.00021,,,11623.0,,11623.0
2024-07-16,26,16998184.0,0,0,0.0,0.00114,0.00114,0.00114,,,67063.0,,67063.0
2024-07-17,26,17015635.0,0,0,0.0,0.0,0.0,0.0,,,0.0,,0.0
2024-07-18,26,17015635.0,0,0,0.0,0.00966,0.00966,0.00966,,,2343111.0,,2343111.0
2024-07-19,26,16851214.0,0,0,0.0,0.0,0.0,0.0,,,0.0,,0.0
2024-07-22,26,16851214.0,0,0,0.0,0.0,0.0,0.0,,,3.0,,3.0
2024-07-23,26,16851215.0,0,0,0.0,0.0,0.0,0.0,,,0.0,,0.0
2024-07-24,26,16851215.0,0,0,0.0,0.0,0.0,0.0,,,0.0,,0.0
2024-07-25,26,16851215.0,0,0,0.0,0.00335,0.00335,0.00335,,,760979.0,,760979.0
2024-07-26,26,16794770.0,0,0,0.0,0.00265,0.00265,0.00265,,,1155168.0,,1155168.0
2024-07-29,26,16759544.0,0,0,0.0,0.00011,0.00011,0.00011,,,5421.0,,5421.0
2024-07-30,26,16757749.0,0,0,0.0,0.0,0.0,0.0,,,0.0,,0.0
2024-07-31,26,16757749.0,0,0,0.0,0.00358,0.00358,0.00358,,,1801547.0,,1801547.0
2024-08-01,26,16736763.0,0,0,0.0,0.01334,0.01334,0.01334,,,3049390.0,,3049390.0
2024-08-02,26,16513535.0,0,0,0.0,0.0,0.0,0.0,,,0.0,,0.0
2024-08-05,26,16513535.0,0,0,0.0,0.0,0.0,0.0,,,0.0,,0.0
2024-08-06,26,16513535.0,0,0,0.0,0.00435,0.00435,0.00435,,,2089802.0,,2089802.0
2024-08-07,26,16490190.0,0,0,0.0,0.00064,0.00064,0.00064,,,207960.0,,207960.0
2024-08-08,26,16480901.0,0,0,0.0,0.00185,0.00185,0.00185,,,271491.0,,271491.0
2024-08-09,26,16494816.0,0,0,0.0,0.00029,0.00029,0.00029,,,54643.0,,54643.0
2024-08-12,26,16489986.0,0,0,0.0,1e-05,1e-05,1e-05,,,21535.0,,21535.0
2024-08-13,26,16490115.0,0,0,0.0,0.00635,0.00635,0.00635,,,2818409.0,,2818409.0
2024-08-14,26,16419291.0,0,0,0.0,0.00193,0.00193,0.00193,,,682546.0,,682546.0
2024-08-15,26,16419375.0,0,0,0.0,0.0,0.0,0.0,,,105.0,,105.0
2024-08-16,26,16419304.0,0,0,0.0,0.0,0.0,0.0,,,0.0,,0.0
2024-08-19,26,16419304.0,0,0,0.0,0.0,0.0,0.0,,,0.0,,0.0
2024-08-20,26,16419304.0,0,0,0.0,6e-05,6e-05,6e-05,,,15165.0,,15165.0
2024-08-21,26,16418397.0,0,0,0.0,0.00846,0.00846,0.00846,,,2226470.0,,2226470.0
2024-08-22,26,16279468.0,0,0,0.0,0.0,0.0,0.0,,,29.0,,29.0
2024-08-23,26,16279445.0,0,0,0.0,1e-05,1e-05,1e-05,,,123.0,,123.0
2024-08-26,26,16279345.0,0,0,0.0,0.0,0.0,0.0,,,0.0,,0.0
2024-08-27,26,16279345.0,0,0,0.0,0.0017,0.0017,0.0017,,,33168.0,,33168.0
2024-08-28,26,16251745.0,0,0,0.0,0.00405,0.00405,0.00405,,,134386.0,,134386.0
2024-08-29,26,16245789.0,0,1,0.03846,0.00272,0.00272,0.00272,,,120939.0,,120939.0
2024-08-30,25,16274656.0,0,0,0.0,0.00151,0.00151,0.00151,,,36824.0,,36824.0
2024-09-03,25,16261455.0,0,0,0.0,0.00077,0.00077,0.00077,,,33843.0,,33843.0
2024-09-04,25,16269112.0,0,0,0.0,0.0009,0.0009,0.0009,,,43151.0,,43151.0
2024-09-05,25,16283540.0,0,1,0.04,0.00106,0.00106,0.00106,,,50297.0,,50297.0
2024-09-06,24,16272401.0,0,0,0.0,0.01365,0.01365,0.01365,,,2957895.0,,2957895.0
2024-09-09,24,16050213.0,0,0,0.0,0.00201,0.00201,0.00201,,,32361.0,,32361.0
2024-09-10,24,16025549.0,0,0,0.0,0.00684,0.00684,0.00684,,,2113114.0,,2113114.0
2024-09-11,24,15995292.0,0,0,0.0,0.0,0.0,0.0,,,0.0,,0.0
2024-09-12,24,15995292.0,0,0,0.0,0.00014,0.00014,0.00014,,,1509.0,,1509.0
2024-09-13,24,15993057.0,0,0,0.0,0.00107,0.00107,0.00107,,,25452.0,,25452.0
2024-09-16,24,15987025.0,0,0,0.0,0.00084,0.00084,0.00084,,,9448.0,,9448.0
2024-09-17,24,15973528.0,0,0,0.0,0.01991,0.01991,0.01991,,,343285.0,,343285.0
2024-09-18,24,15733150.0,0,0,0.0,0.01229,0.01229,0.01229,,,572757.0,,572757.0
2024-09-19,24,15875043.0,0,0,0.0,0.00142,0.00142,0.00142,,,47871.0,,47871.0
2024-09-20,24,15883580.0,0,0,0.0,0.15459,0.15459,0.15459,,,11332685.0,,11332685.0
2024-09-23,24,13477625.0,0,0,0.0,0.00104,0.00104,0.00104,,,60165.0,,60165.0
2024-09-24,24,13489987.0,0,0,0.0,0.0097,0.0097,0.0097,,,633052.0,,633052.0
2024-09-25,24,13585181.0,0,0,0.0,0.00353,0.00353,0.00353,,,142751.0,,142751.0
2024-09-26,24,13632272.0,0,0,0.0,0.00224,0.00224,0.00224,,,86903.0,,86903.0
2024-09-27,24,13662536.0,0,0,0.0,0.0,0.0,0.0,,,70.0,,70.0
2024-09-30,24,13662486.0,0,1,0.04167,0.01038,0.01037,0.01038,,,2433797.0,,2433797.0
2024-10-01,23,13520689.0,0,0,0.0,0.00126,0.00126,0.00126,,,49954.0,,49954.0
2024-10-02,23,13537680.0,0,0,0.0,0.00075,0.00075,0.00075,,,30863.0,,30863.0
2024-10-03,23,13547799.0,0,0,0.0,0.00022,0.00022,0.00022,,,9686.0,,9686.0
2024-10-04,23,13550734.0,0,0,0.0,0.00379,0.00379,0.00379,,,117017.0,,117017.0
2024-10-07,23,13530188.0,0,0,0.0,0.00023,0.00023,0.00023,,,10462.0,,10462.0
2024-10-08,23,13533238.0,0,0,0.0,0.00286,0.00286,0.00286,,,190608.0,,190608.0
2024-10-09,23,13524854.0,1,0,0.04348,0.00697,0.00693,0.00697,,,516019.0,,516019.0
2024-10-10,24,13525301.0,0,0,0.0,0.00348,0.00348,0.00348,,,537358.0,,537358.0
2024-10-11,24,13510323.0,0,0,0.0,0.00052,0.00052,0.00052,,,26240.0,,26240.0
2024-10-14,24,13515210.0,0,0,0.0,0.00047,0.00047,0.00047,,,37250.0,,37250.0
2024-10-15,24,13508989.0,0,0,0.0,0.01758,0.01758,0.01758,,,837765.0,,837765.0
2024-10-16,24,13280568.0,0,0,0.0,0.00038,0.00038,0.00038,,,172869.0,,172869.0
2024-10-17,24,13283814.0,0,0,0.0,0.00014,0.00014,0.00014,,,12245.0,,12245.0
2024-10-18,24,13282079.0,0,0,0.0,0.00011,0.00011,0.00011,,,5231.0,,5231.0
2024-10-21,24,13283285.0,0,0,0.0,1e-05,1e-05,1e-05,,,1126.0,,1126.0
2024-10-22,24,13283108.0,0,0,0.0,3e-05,3e-05,3e-05,,,2602.0,,2602.0
2024-10-23,24,13282706.0,0,0,0.0,5e-05,5e-05,5e-05,,,4136.0,,4136.0
2024-10-24,24,13282076.0,0,0,0.0,0.0,0.0,0.0,,,0.0,,0.0
2024-10-25,24,13282076.0,0,0,0.0,0.00668,0.00668,0.00668,,,2509366.0,,2509366.0
2024-10-28,24,13211951.0,0,0,0.0,0.00532,0.00532,0.00532,,,1440320.0,,1440320.0
2024-10-29,24,13233461.0,0,0,0.0,0.00112,0.00112,0.00112,,,3046165.0,,3046165.0
2024-10-30,24,13239012.0,0,0,0.0,0.0,0.0,0.0,,,0.0,,0.0
2024-10-31,24,13239012.0,0,0,0.0,0.00105,0.00105,0.00105,,,938135.0,,938135.0
2024-11-01,24,13231531.0,0,0,0.0,0.0105,0.0105,0.0105,,,2430080.0,,2430080.0
2024-11-04,24,13092641.0,0,0,0.0,0.0,0.0,0.0,,,0.0,,0.0
2024-11-05,24,13092641.0,0,0,0.0,0.0,0.0,0.0,,,0.0,,0.0
2024-11-06,24,13092641.0,0,0,0.0,0.0,0.0,0.0,,,0.0,,0.0
2024-11-07,24,13092641.0,0,0,0.0,0.0,0.0,0.0,,,0.0,,0.0
2024-11-08,24,13092641.0,0,0,0.0,0.0,0.0,0.0,,,0.0,,0.0
2024-11-11,24,13092641.0,0,0,0.0,0.0,0.0,0.0,,,0.0,,0.0
2024-11-12,24,13092641.0,0,0,0.0,0.0,0.0,0.0,,,0.0,,0.0
2024-11-13,24,13092641.0,0,0,0.0,0.00577,0.00577,0.00577,,,570537.0,,570537.0
2024-11-14,24,13055396.0,0,0,0.0,0.01086,0.01086,0.01086,,,2530779.0,,2530779.0
2024-11-15,24,12990680.0,0,0,0.0,0.0174,0.0174,0.0174,,,5428096.0,,5428096.0
2024-11-18,24,13036555.0,0,0,0.0,0.00049,0.00049,0.00049,,,150444.0,,150444.0
2024-11-19,24,13042942.0,0,0,0.0,0.00226,0.00226,0.00226,,,377959.0,,377959.0
2024-11-20,24,13045609.0,0,0,0.0,0.00303,0.00303,0.00303,,,553992.0,,553992.0
2024-11-21,24,13023149.0,0,0,0.0,0.01783,0.01783,0.01783,,,4412363.0,,4412363.0
2024-11-22,24,13255306.0,0,0,0.0,4e-05,4e-05,4e-05,,,6400.0,,6400.0
2024-11-25,24,13254766.0,0,0,0.0,0.01024,0.01024,0.01024,,,2760607.0,,2760607.0
2024-11-26,24,13390444.0,0,0,0.0,0.0001,0.0001,0.0001,,,4795.0,,4795.0
2024-11-27,24,13391726.0,0,0,0.0,9e-05,9e-05,9e-05,,,4950.0,,4950.0
2024-11-29,24,13392877.0,0,0,0.0,0.00387,0.00387,0.00387,,,1793626.0,,1793626.0
2024-12-02,24,13355060.0,0,0,0.0,0.0,0.0,0.0,,,0.0,,0.0
2024-12-03,24,13355060.0,0,0,0.0,0.01163,0.01163,0.01163,,,4380108.0,,4380108.0
2024-12-04,24,13510425.0,0,0,0.0,1e-05,1e-05,1e-05,,,1091.0,,1091.0
2024-12-05,24,13510338.0,0,0,0.0,0.0,0.0,0.0,,,0.0,,0.0
2024-12-06,24,13510338.0,0,0,0.0,0.0,0.0,0.0,,,0.0,,0.0
2024-12-09,24,13510338.0,0,0,0.0,0.0,0.0,0.0,,,0.0,,0.0
2024-12-10,24,13510338.0,0,0,0.0,0.0,0.0,0.0,,,666.0,,666.0
2024-12-11,24,13510288.0,0,0,0.0,0.0,0.0,0.0,,,0.0,,0.0
2024-12-12,24,13510288.0,0,0,0.0,0.0,0.0,0.0,,,0.0,,0.0
2024-12-13,24,13510288.0,0,0,0.0,0.00613,0.00613,0.00613,,,1035563.0,,1035563.0
2024-12-16,24,13593111.0,0,0,0.0,0.00101,0.00101,0.00101,,,191697.0,,191697.0
2024-12-17,24,13579314.0,0,0,0.0,0.0,0.0,0.0,,,736.0,,736.0
2024-12-18,24,13579264.0,0,0,0.0,0.0,0.0,0.0,,,0.0,,0.0
2024-12-19,24,13579264.0,0,0,0.0,0.0,0.0,0.0,,,0.0,,0.0
2024-12-20,24,13579264.0,0,0,0.0,0.0,0.0,0.0,,,0.0,,0.0
2024-12-23,24,13579264.0,0,0,0.0,0.0,0.0,0.0,,,0.0,,0.0
2024-12-24,24,13579264.0,0,0,0.0,0.0,0.0,0.0,,,0.0,,0.0
2024-12-26,24,13579264.0,0,0,0.0,0.0,0.0,0.0,,,0.0,,0.0
2024-12-27,24,13579264.0,0,0,0.0,0.0,0.0,0.0,,,0.0,,0.0
2024-12-30,24,13579264.0,0,0,0.0,0.00513,0.00513,0.00513,,,2097700.0,,2097700.0
2024-12-31,24,13550891.0,0,0,0.0,0.0024,0.0024,0.0024,,,737251.0,,737251.0
2025-01-02,24,13552985.0,0,0,0.0,0.0,0.0,0.0,,,0.0,,0.0
2025-01-03,24,13552985.0,0,0,0.0,0.0,0.0,0.0,,,0.0,,0.0
2025-01-06,24,13552985.0,0,0,0.0,0.0067,0.0067,0.0067,,,2020135.0,,2020135.0
2025-01-07,24,13643831.0,0,0,0.0,0.0,0.0,0.0,,,0.0,,0.0
2025-01-08,24,13643831.0,0,0,0.0,0.0,0.0,0.0,,,0.0,,0.0
2025-01-10,24,13643831.0,0,0,0.0,0.0,0.0,0.0,,,0.0,,0.0
2025-01-13,24,13643831.0,0,0,0.0,0.0,0.0,0.0,,,0.0,,0.0
2025-01-14,24,13643831.0,0,0,0.0,0.0,0.0,0.0,,,0.0,,0.0
2025-01-15,24,13643831.0,0,0,0.0,0.0,0.0,0.0,,,0.0,,0.0
2025-01-16,24,13643831.0,0,0,0.0,0.01665,0.01665,0.01665,,,4798165.0,,4798165.0
2025-01-17,24,13713972.0,0,0,0.0,0.0,0.0,0.0,,,0.0,,0.0
2025-01-21,24,13713972.0,0,0,0.0,0.0,0.0,0.0,,,0.0,,0.0
2025-01-22,24,13713972.0,0,0,0.0,0.0001,0.0001,0.0001,,,390359.0,,390359.0
2025-01-23,24,13714152.0,0,0,0.0,1e-05,1e-05,1e-05,,,45213.0,,45213.0
2025-01-24,24,13714152.0,0,0,0.0,1e-05,1e-05,1e-05,,,3988.0,,3988.0
2025-01-27,24,13714001.0,0,0,0.0,2e-05,2e-05,2e-05,,,8253.0,,8253.0
2025-01-28,24,13713690.0,0,0,0.0,0.00664,0.00664,0.00664,,,2125500.0,,2125500.0
2025-01-29,24,13804779.0,0,0,0.0,5e-05,5e-05,5e-05,,,135865.0,,135865.0
2025-01-30,24,13804561.0,0,0,0.0,0.01323,0.01323,0.01323,,,4058217.0,,4058217.0
2025-01-31,24,13987157.0,0,0,0.0,0.00331,0.00331,0.00331,,,2852721.0,,2852721.0
2025-02-03,24,13969316.0,0,0,0.0,0.00019,0.00019,0.00019,,,481181.0,,481181.0
2025-02-04,24,13966645.0,0,0,0.0,0.00158,0.00158,0.00158,,,626261.0,,626261.0
2025-02-05,24,13988712.0,0,0,0.0,0.00663,0.00663,0.00663,,,2110993.0,,2110993.0
2025-02-06,24,13896002.0,0,0,0.0,0.0,0.0,0.0,,,0.0,,0.0
2025-02-07,24,13896002.0,0,0,0.0,0.0,0.0,0.0,,,0.0,,0.0
2025-02-10,24,13896002.0,0,0,0.0,0.00134,0.00134,0.00134,,,712695.0,,712695.0
2025-02-11,24,13881441.0,0,0,0.0,0.0,0.0,0.0,,,0.0,,0.0
2025-02-12,24,13881441.0,0,0,0.0,0.0,0.0,0.0,,,0.0,,0.0
2025-02-13,24,13881441.0,0,0,0.0,0.0,0.0,0.0,,,0.0,,0.0
2025-02-14,24,13881441.0,0,0,0.0,0.0,0.0,0.0,,,0.0,,0.0
2025-02-18,24,13881441.0,0,0,0.0,0.0,0.0,0.0,,,0.0,,0.0
2025-02-19,24,13881441.0,0,0,0.0,0.0,0.0,0.0,,,0.0,,0.0
2025-02-20,24,13881441.0,0,0,0.0,0.00329,0.00329,0.00329,,,1021215.0,,1021215.0
2025-02-21,24,13927047.0,0,0,0.0,0.0,0.0,0.0,,,0.0,,0.0
2025-02-24,24,13927047.0,0,0,0.0,0.0,0.0,0.0,,,0.0,,0.0
2025-02-25,24,13927047.0,0,0,0.0,0.0,0.0,0.0,,,0.0,,0.0
2025-02-26,24,13927047.0,0,0,0.0,0.0,0.0,0.0,,,0.0,,0.0
2025-02-27,24,13927047.0,0,0,0.0,0.0,0.0,0.0,,,0.0,,0.0
2025-02-28,24,13927047.0,0,0,0.0,0.0,0.0,0.0,,,0.0,,0.0
2025-03-03,24,13927047.0,0,0,0.0,0.00124,0.00124,0.00124,,,219264.0,,219264.0
2025-03-04,24,13944369.0,0,0,0.0,0.00033,0.00033,0.00033,,,636668.0,,636668.0
2025-03-05,24,13945435.0,0,0,0.0,0.0,0.0,0.0,,,0.0,,0.0
2025-03-06,24,13945435.0,0,0,0.0,0.00243,0.00243,0.00243,,,895547.0,,895547.0
2025-03-07,24,13919430.0,0,0,0.0,0.0,0.0,0.0,,,0.0,,0.0
2025-03-10,24,13919430.0,0,0,0.0,0.0,0.0,0.0,,,0.0,,0.0
2025-03-11,24,13919430.0,0,0,0.0,0.03989,0.03989,0.03989,,,10784629.0,,10784629.0
2025-03-12,24,13372473.0,0,0,0.0,0.00389,0.00389,0.00389,,,1962594.0,,1962594.0
2025-03-13,24,13342488.0,0,0,0.0,0.00145,0.00145,0.00145,,,548416.0,,548416.0
2025-03-14,24,13329382.0,0,0,0.0,0.0,0.0,0.0,,,0.0,,0.0
2025-03-17,24,13329382.0,0,0,0.0,0.0,0.0,0.0,,,0.0,,0.0
2025-03-18,24,13329382.0,0,0,0.0,0.00112,0.00112,0.00112,,,812661.0,,812661.0
2025-03-19,24,13341919.0,0,0,0.0,0.00066,0.00066,0.00066,,,886093.0,,886093.0
2025-03-20,24,13346324.0,0,0,0.0,0.00071,0.00071,0.00071,,,262669.0,,262669.0
2025-03-21,24,13355841.0,0,0,0.0,0.00047,0.00047,0.00047,,,171278.0,,171278.0
2025-03-24,24,13362058.0,0,0,0.0,0.0002,0.0002,0.0002,,,72166.0,,72166.0
2025-03-25,24,13364668.0,0,0,0.0,0.0037,0.0037,0.0037,,,1527772.0,,1527772.0
2025-03-26,24,13409061.0,0,0,0.0,0.00271,0.00271,0.00271,,,438155.0,,438155.0
2025-03-27,24,13445362.0,0,0,0.0,7e-05,7e-05,7e-05,,,202490.0,,202490.0
2025-03-28,24,13445457.0,0,0,0.0,0.0,0.0,0.0,,,0.0,,0.0
2025-03-31,24,13445457.0,0,0,0.0,0.0,0.0,0.0,,,0.0,,0.0
2025-04-01,24,13445457.0,0,0,0.0,0.0,0.0,0.0,,,0.0,,0.0
2025-04-02,24,13445457.0,0,0,0.0,0.0,0.0,0.0,,,0.0,,0.0
2025-04-03,24,13445457.0,0,0,0.0,0.0,0.0,0.0,,,0.0,,0.0
2025-04-04,24,13445457.0,0,0,0.0,0.0,0.0,0.0,,,0.0,,0.0
2025-04-07,24,13445457.0,0,0,0.0,0.0,0.0,0.0,,,0.0,,0.0
2025-04-08,24,13445457.0,0,0,0.0,0.02193,0.02193,0.02193,,,5416980.0,,5416980.0
2025-04-09,24,13158391.0,0,0,0.0,0.0,0.0,0.0,,,0.0,,0.0
2025-04-10,24,13158391.0,0,0,0.0,0.0,0.0,0.0,,,0.0,,0.0
2025-04-11,24,13158391.0,0,0,0.0,0.0,0.0,0.0,,,0.0,,0.0
2025-04-14,24,13158391.0,0,0,0.0,0.0,0.0,0.0,,,0.0,,0.0
2025-04-15,24,13158391.0,0,0,0.0,0.00381,0.00381,0.00381,,,2278573.0,,2278573.0
2025-04-16,24,13139526.0,0,0,0.0,0.0,0.0,0.0,,,0.0,,0.0
2025-04-17,24,13139526.0,0,0,0.0,0.0,0.0,0.0,,,0.0,,0.0
2025-04-21,24,13139526.0,0,0,0.0,0.00176,0.00176,0.00176,,,1255512.0,,1255512.0
2025-04-22,24,13124978.0,0,0,0.0,0.0,0.0,0.0,,,0.0,,0.0
2025-04-23,24,13124978.0,0,0,0.0,0.00125,0.00125,0.00125,,,361201.0,,361201.0
2025-04-24,24,13138116.0,0,0,0.0,0.00107,0.00107,0.00107,,,302778.0,,302778.0
2025-04-25,24,13152153.0,0,0,0.0,0.0,0.0,0.0,,,0.0,,0.0
2025-04-28,24,13152153.0,0,0,0.0,0.0,0.0,0.0,,,0.0,,0.0
2025-04-29,24,13152153.0,0,0,0.0,0.00962,0.00962,0.00962,,,6271223.0,,6271223.0
2025-04-30,24,13226453.0,0,0,0.0,0.0,0.0,0.0,,,0.0,,0.0
2025-05-01,24,13226453.0,0,0,0.0,0.00266,0.00266,0.00266,,,728166.0,,728166.0
2025-05-02,24,13239194.0,0,0,0.0,0.0018,0.0018,0.0018,,,65497.0,,65497.0
2025-05-05,24,13263011.0,0,0,0.0,0.00147,0.00147,0.00147,,,56945.0,,56945.0
2025-05-06,24,13282446.0,0,0,0.0,0.00569,0.00569,0.00569,,,215335.0,,215335.0
2025-05-07,24,13358002.0,0,0,0.0,0.0,0.0,0.0,,,0.0,,0.0
2025-05-08,24,13358002.0,0,0,0.0,0.00059,0.00059,0.00059,,,825483.0,,825483.0
2025-05-09,24,13358389.0,0,0,0.0,0.0,0.0,0.0,,,0.0,,0.0
2025-05-12,24,13358389.0,0,0,0.0,0.0,0.0,0.0,,,0.0,,0.0
2025-05-13,24,13358389.0,0,0,0.0,0.00909,0.00909,0.00909,,,883828.0,,883828.0
2025-05-14,24,13370881.0,0,0,0.0,0.0,0.0,0.0,,,0.0,,0.0
2025-05-15,24,13370881.0,0,0,0.0,0.00149,0.00149,0.00149,,,68944.0,,68944.0
2025-05-16,24,13390807.0,0,0,0.0,0.02216,0.02216,0.02216,,,3319716.0,,3319716.0
2025-05-19,24,13094053.0,0,0,0.0,0.00171,0.00171,0.00171,0.00123,1.0,78848.0,56521.0,78848.0
2025-05-20,24,13116453.0,0,0,0.0,0.00122,0.00122,0.00122,6e-05,1.0,55076.0,2878.0,55076.0
2025-05-21,24,13132510.0,0,0,0.0,6e-05,6e-05,0.00759,0.00383,1.0,347388.0,175156.0,2924.0
2025-05-22,24,13133349.0,0,0,0.0,0.00383,0.00383,0.00822,0.00603,1.0,363994.0,266685.0,169376.0
2025-05-23,24,13183609.0,0,0,0.0,0.006,0.006,0.006,0.00055,1.0,265894.0,24289.0,265894.0
2025-05-27,24,13262744.0,0,0,0.0,0.00055,0.00055,0.0632,0.03133,1.0,9336062.0,4655814.0,24434.0
2025-05-28,24,13269973.0,1,0,0.04167,0.03131,0.02974,0.03131,0.01144,1.0,4689295.0,256114.0,4689295.0
2025-05-29,25,12896071.0,0,0,0.0,0.01178,0.01178,0.01178,0.00365,1.0,255004.0,80821.0,255004.0
2025-05-30,25,12744214.0,0,0,0.0,0.01794,0.01794,0.01794,0.0009,1.0,4270786.0,18405.0,4270786.0
2025-06-02,25,12515529.0,0,0,0.0,0.00092,0.00092,0.00515,0.00244,1.0,5815654.0,2905112.0,17830.0
2025-06-03,25,12504026.0,0,0,0.0,0.00244,0.00244,0.00244,0.00013,1.0,2882060.0,3544.0,2882060.0
2025-06-04,25,12485321.0,0,1,0.04,0.00013,0.00012,0.00013,4e-05,1.0,3874.0,875.0,3874.0
2025-06-05,24,12483721.0,0,0,0.0,4e-05,4e-05,4e-05,0.0,,845.0,0.0,845.0
2025-06-06,24,12483221.0,0,0,0.0,0.0,0.0,6e-05,3e-05,1.0,1336.0,668.0,0.0
2025-06-09,24,12483221.0,0,0,0.0,3e-05,3e-05,0.00501,0.0025,1.0,2458400.0,1229027.0,692.0
2025-06-10,24,12482821.0,0,0,0.0,0.0025,0.0025,0.0025,1e-05,1.0,1236913.0,184.0,1236913.0
2025-06-11,24,12456674.0,0,1,0.04167,1e-05,0.0,0.00344,0.00172,1.0,2103846.0,1051831.0,184.0
2025-06-12,23,12456574.0,0,0,0.0,0.00172,0.00172,0.00172,0.0,,1080962.0,0.0,1080962.0
2025-06-13,23,12435173.0,0,0,0.0,0.0,0.0,0.02436,0.01218,1.0,5305042.0,2652521.0,0.0
2025-06-16,23,12435173.0,0,0,0.0,0.01218,0.01218,0.01218,0.0,,2435106.0,0.0,2435106.0
2025-06-17,23,12564993.0,0,0,0.0,0.0,0.0,0.0,0.0,,0.0,0.0,0.0
2025-06-18,23,12564993.0,0,0,0.0,0.0,0.0,0.0,0.0,,0.0,0.0,0.0
2025-06-20,23,12564993.0,0,0,0.0,0.0,0.0,0.0,0.0,,0.0,0.0,0.0
2025-06-23,23,12564993.0,0,0,0.0,0.0,0.0,0.0,0.0,,0.0,0.0,0.0
2025-06-24,23,12564993.0,0,0,0.0,0.0107,0.0107,0.0107,0.0,,3298876.0,0.0,3298876.0
2025-06-25,23,12699393.0,0,0,0.0,0.0,0.0,0.0,0.0,,0.0,0.0,0.0
2025-06-26,23,12699393.0,0,0,0.0,0.0,0.0,0.00386,0.00193,1.0,2653444.0,1326722.0,0.0
2025-06-27,23,12699393.0,0,0,0.0,0.00193,0.00193,0.00193,2e-05,1.0,1303638.0,8902.0,1303155.0
2025-06-30,23,12721887.0,0,0,0.0,0.01056,0.01056,0.01058,1e-05,1.0,3523874.0,4697.0,3514479.0
2025-07-01,23,12856211.0,0,0,0.0,1e-05,1e-05,1e-05,0.0,,4851.0,0.0,4851.0
2025-07-02,23,12856056.0,0,0,0.0,0.0,0.0,0.00041,0.00021,1.0,1343778.0,671889.0,0.0
2025-07-03,23,12856056.0,0,0,0.0,0.00021,0.00021,0.0034,0.0016,1.0,1916172.0,630327.0,655518.0
2025-07-07,23,12858718.0,0,0,0.0,0.00159,0.00159,0.00159,0.0,,639380.0,0.0,639380.0
2025-07-08,23,12838212.0,0,0,0.0,0.0,0.0,0.0,0.0,,0.0,0.0,0.0
2025-07-09,23,12838212.0,0,0,0.0,0.01047,0.01047,0.01047,0.0,,3570992.0,0.0,3570992.0
2025-07-10,23,12972603.0,0,0,0.0,0.0,0.0,0.0,0.0,,0.0,0.0,0.0
2025-07-11,23,12972603.0,0,0,0.0,0.0,0.0,0.0103,0.00515,1.0,9500542.0,4750271.0,0.0
2025-07-14,23,12972603.0,0,0,0.0,0.00515,0.00515,0.00515,0.0,,5025006.0,0.0,5025006.0
2025-07-15,23,12942549.0,0,0,0.0,0.0,0.0,0.00064,0.00032,1.0,2372547.0,1186273.0,0.0
2025-07-16,23,12942549.0,1,0,0.04348,0.02104,0.0208,0.03126,0.00657,1.0,13688059.0,3809695.0,8528456.0
2025-07-17,24,13212514.0,0,0,0.0,0.00643,0.00643,0.00866,0.00625,1.0,7321933.0,4703393.0,3863522.0
2025-07-18,24,13182394.0,0,1,0.04167,0.01399,0.01398,0.01399,0.0,,8917470.0,0.0,8917470.0
2025-07-21,23,13359263.0,0,0,0.0,0.02993,0.02993,0.03048,0.00031,1.0,15813933.0,2079751.0,12176243.0
2025-07-22,23,13759132.0,0,0,0.0,0.0003,0.0003,0.01764,0.00867,1.0,12491964.0,5213555.0,2064855.0
2025-07-23,23,13763293.0,0,0,0.0,0.00867,0.00867,0.00867,0.0,,5121567.0,0.0,5121567.0
2025-07-24,23,13667977.0,0,0,0.0,0.0,0.0,0.00421,0.00211,1.0,2269583.0,1134791.0,0.0
2025-07-25,23,13667977.0,0,0,0.0,0.00211,0.00211,0.00211,0.00044,1.0,982349.0,243019.0,982349.0
2025-07-28,23,13681487.0,0,0,0.0,0.00044,0.00044,0.02262,0.0113,1.0,15283521.0,7683114.0,247463.0
2025-07-29,23,13681931.0,0,0,0.0,0.01129,0.01129,0.01129,0.00197,1.0,7721452.0,667106.0,7721452.0
2025-07-30,23,13621442.0,0,0,0.0,0.00198,0.00198,0.00467,0.00199,1.0,3509896.0,1755798.0,649682.0
2025-07-31,23,13630768.0,0,0,0.0,0.00199,0.00199,0.00564,0.00227,1.0,7155648.0,3349905.0,1758245.0
2025-08-01,23,13610336.0,0,0,0.0,0.00227,0.00227,0.00227,0.0,,3340657.0,0.0,3340657.0
2025-08-04,23,13598158.0,0,0,0.0,0.0,0.0,0.20672,0.10336,1.0,39673739.0,19836870.0,0.0
2025-08-05,23,13598158.0,0,0,0.0,0.10336,0.10336,0.10872,0.01159,1.0,23003680.0,1621501.0,21693157.0
2025-08-06,23,12313973.0,0,0,0.0,0.0128,0.0128,0.01582,0.00151,1.0,4915340.0,1661794.0,1591751.0
2025-08-07,23,12268689.0,0,0,0.0,0.00151,0.00151,0.00151,0.0,,1600906.0,0.0,1600906.0
2025-08-08,23,12259858.0,0,0,0.0,0.12902,0.12902,0.12902,0.0,,51749270.0,0.0,51749270.0
2025-08-11,23,13841578.0,0,0,0.0,0.03714,0.03714,0.03714,0.0,,16935836.0,0.0,16935836.0
2025-08-12,23,14355689.0,0,0,0.0,0.0,0.0,0.01811,0.00905,1.0,22703502.0,11351751.0,0.0
2025-08-13,23,14355689.0,0,0,0.0,0.11382,0.11382,0.11382,0.0,,53721929.0,0.0,53721929.0
2025-08-14,23,12722809.0,0,0,0.0,0.0,0.0,0.0,0.0,,0.0,0.0,0.0
2025-08-15,23,12722809.0,0,0,0.0,0.0,0.0,0.0,0.0,,0.0,0.0,0.0
2025-08-18,23,12722809.0,0,0,0.0,0.0,0.0,0.0,0.0,,0.0,0.0,0.0
2025-08-19,23,12722809.0,0,0,0.0,0.0,0.0,0.00036,0.00018,1.0,1229622.0,614811.0,0.0
2025-08-20,23,12722809.0,0,0,0.0,0.00018,0.00018,0.00018,0.0,,615512.0,0.0,615512.0
2025-08-21,23,12725070.0,0,0,0.0,0.0,0.0,0.0,0.0,,0.0,0.0,0.0
2025-08-22,23,12725070.0,0,0,0.0,0.0,0.0,0.0,0.0,,0.0,0.0,0.0
2025-08-25,23,12725070.0,0,0,0.0,0.02823,0.02823,0.02823,0.0,,11787172.0,0.0,11787172.0
2025-08-26,23,12365844.0,0,0,0.0,0.0,0.0,0.0,0.0,,0.0,0.0,0.0
2025-08-27,23,12365844.0,0,0,0.0,0.0,0.0,0.0,0.0,,0.0,0.0,0.0
2025-08-28,23,12365844.0,0,0,0.0,0.0,0.0,0.0,0.0,,0.0,0.0,0.0
2025-08-29,23,12365844.0,0,0,0.0,0.0,0.0,0.0,0.0,,0.0,0.0,0.0
2025-09-02,23,12365844.0,0,0,0.0,0.0,0.0,0.0,0.0,,0.0,0.0,0.0
2025-09-03,23,12365844.0,0,0,0.0,0.0,0.0,0.0,0.0,,0.0,0.0,0.0
2025-09-04,23,12365844.0,0,0,0.0,0.0,0.0,0.0,0.0,,0.0,0.0,0.0
2025-09-05,23,12365844.0,0,0,0.0,0.0,0.0,0.0,0.0,,0.0,0.0,0.0
2025-09-08,23,12365844.0,0,0,0.0,0.0,0.0,0.0,0.0,,0.0,0.0,0.0
2025-09-09,23,12365844.0,0,0,0.0,0.0,0.0,0.0,0.0,,0.0,0.0,0.0
2025-09-10,23,12365844.0,0,0,0.0,0.0,0.0,0.00515,0.00258,1.0,7269510.0,3634755.0,0.0
2025-09-11,23,12365844.0,0,0,0.0,0.00258,0.00258,0.00258,0.0,,2767478.0,0.0,2767478.0
2025-09-12,23,12342102.0,0,0,0.0,0.0,0.0,0.0,0.0,,0.0,0.0,0.0
2025-09-15,23,12342102.0,0,0,0.0,0.0,0.0,0.0,0.0,,0.0,0.0,0.0
2025-09-16,23,12342102.0,0,0,0.0,0.0,0.0,0.0,0.0,,0.0,0.0,0.0
2025-09-17,23,12342102.0,0,0,0.0,0.0,0.0,0.00774,0.00387,1.0,10868039.0,5434020.0,0.0
2025-09-18,23,12342102.0,0,0,0.0,0.00387,0.00387,0.00387,0.00012,1.0,5428816.0,413546.0,5428816.0
2025-09-19,23,12312400.0,0,0,0.0,0.00012,0.00012,0.00012,0.0,,430814.0,0.0,430814.0
2025-09-22,23,12313920.0,0,0,0.0,0.0,0.0,0.0,0.0,,0.0,0.0,0.0
2025-09-23,23,12313920.0,0,0,0.0,0.0,0.0,0.0,0.0,,0.0,0.0,0.0
2025-09-24,23,12313920.0,0,0,0.0,0.0,0.0,0.0,0.0,,0.0,0.0,0.0
2025-09-25,23,12313920.0,0,0,0.0,0.0,0.0,0.0,0.0,,0.0,0.0,0.0
2025-09-26,23,12313920.0,0,0,0.0,0.01272,0.01272,0.01272,0.0,,5466742.0,0.0,5466742.0
2025-09-29,23,12470572.0,0,0,0.0,0.0,0.0,0.00927,0.00464,1.0,15890811.0,7945405.0,0.0
2025-09-30,23,12470572.0,0,0,0.0,0.00464,0.00464,0.04727,0.0226,1.0,9111992.0,1942602.0,8053803.0
2025-10-01,23,12440849.0,0,0,0.0,0.02266,0.02266,0.02266,0.0,,2000175.0,0.0,2000175.0
2025-10-02,23,12690648.0,0,0,0.0,0.0,0.0,0.0,0.0,,0.0,0.0,0.0
2025-10-03,23,12690648.0,0,0,0.0,0.0,0.0,0.0,0.0,,0.0,0.0,0.0
2025-10-06,23,12690648.0,0,0,0.0,0.02831,0.02831,0.04024,0.0062,1.0,34055908.0,11207437.0,13423589.0
2025-10-07,23,13049955.0,1,0,0.04348,0.00603,0.00499,0.00603,0.0,,11490452.0,0.0,11490452.0
2025-10-08,24,13015039.0,0,0,0.0,0.01835,0.01835,0.01835,0.0,,9287675.0,0.0,9287675.0
2025-10-09,24,13253923.0,0,0,0.0,0.00601,0.00601,0.00601,0.0,,3157456.0,0.0,3157456.0
2025-10-10,24,13333551.0,0,0,0.0,0.0,0.0,0.0,0.0,,0.0,0.0,0.0
2025-10-13,24,13333551.0,0,0,0.0,0.0,0.0,0.0,0.0,,0.0,0.0,0.0
2025-10-14,24,13333551.0,0,0,0.0,0.0209,0.0209,0.03155,0.00559,1.0,24678188.0,8096330.0,10732011.0
2025-10-15,24,13612249.0,0,0,0.0,0.00547,0.00547,0.00547,0.0,,8152486.0,0.0,8152486.0
2025-10-16,24,13571132.0,0,0,0.0,0.00292,0.00292,0.00292,0.0,,1540605.0,0.0,1540605.0
2025-10-17,24,13610825.0,0,0,0.0,0.0,0.0,0.00261,0.00131,1.0,2725525.0,1362763.0,0.0
2025-10-20,24,13610825.0,0,0,0.0,0.00131,0.00131,0.00131,0.0,,1355429.0,0.0,1355429.0
2025-10-21,24,13597475.0,0,0,0.0,0.0,0.0,0.0,0.0,,0.0,0.0,0.0
2025-10-22,24,13597475.0,0,0,0.0,0.0,0.0,0.0,0.0,,0.0,0.0,0.0
2025-10-23,24,13597475.0,0,0,0.0,0.0,0.0,0.0,0.0,,0.0,0.0,0.0
2025-10-24,24,13597475.0,0,0,0.0,0.0,0.0,0.0,0.0,,0.0,0.0,0.0
2025-10-27,24,13597475.0,0,0,0.0,0.0,0.0,0.0,0.0,,0.0,0.0,0.0
2025-10-28,24,13597475.0,0,0,0.0,0.0,0.0,0.0,0.0,,0.0,0.0,0.0
2025-10-29,24,13597475.0,0,0,0.0,0.0,0.0,0.0,0.0,,0.0,0.0,0.0
2025-10-30,24,13597475.0,1,0,0.04167,0.00043,0.0,0.00496,0.00227,1.0,16189502.0,7950454.0,288593.0
2025-10-31,25,13603335.0,0,0,0.0,0.00226,0.00226,0.00226,0.0,,7783358.0,0.0,7783358.0
2025-11-03,25,13594232.0,0,0,0.0,0.0,0.0,0.0,0.0,,45.0,0.0,45.0
2025-11-04,25,13594231.0,0,0,0.0,0.0,0.0,0.0,0.0,,0.0,0.0,0.0
2025-11-05,25,13594231.0,0,0,0.0,0.0,0.0,0.00166,0.00083,1.0,1887659.0,943830.0,0.0
2025-11-06,25,13594231.0,0,0,0.0,0.00083,0.00083,0.02514,0.01223,1.0,9260657.0,4549861.0,952816.0
2025-11-07,25,13582916.0,0,0,0.0,0.01819,0.01819,0.01819,0.00011,1.0,8999455.0,25080.0,8999455.0
2025-11-10,25,13524487.0,0,0,0.0,0.00011,0.00011,0.00962,0.00481,1.0,12260080.0,6130208.0,24902.0
2025-11-11,25,13523003.0,0,0,0.0,0.0,0.0,0.00165,0.00083,1.0,375369.0,187684.0,0.0
2025-11-12,25,13523003.0,1,0,0.04,0.00564,0.00441,0.00622,0.00123,1.0,9202598.0,299092.0,9070017.0
2025-11-13,26,13479967.0,0,0,0.0,0.00422,0.00422,0.00422,2e-05,1.0,1750762.0,3437.0,1750762.0
2025-11-14,26,13423033.0,0,0,0.0,2e-05,2e-05,0.00044,0.00023,1.0,116388.0,59897.0,3405.0
2025-11-17,26,13422829.0,0,1,0.03846,0.02723,0.02721,0.02723,2e-05,1.0,12440717.0,5293.0,12440717.0
2025-11-18,25,13057318.0,0,0,0.0,2e-05,2e-05,0.00011,7e-05,1.0,448656.0,226931.0,5206.0
2025-11-19,25,13056998.0,0,0,0.0,7e-05,7e-05,0.00038,0.00019,1.0,290883.0,39471.0,225896.0
2025-11-20,25,13057028.0,0,0,0.0,0.00019,0.00019,0.00019,2e-05,1.0,39593.0,3645.0,39593.0
2025-11-21,25,13054584.0,0,0,0.0,2e-05,2e-05,0.00135,0.00068,1.0,279592.0,141578.0,3564.0
2025-11-24,25,13054359.0,0,0,0.0,0.00068,0.00068,0.00074,0.00071,1.0,154240.0,148848.0,143455.0
2025-11-25,25,13045421.0,0,0,0.0,0.00071,0.00071,0.00338,0.00157,1.0,7859816.0,3903927.0,151352.0
2025-11-26,25,13036147.0,0,0,0.0,0.00157,0.00157,0.00246,0.00068,1.0,6015973.0,1081841.0,3952472.0
2025-11-28,25,13028887.0,0,0,0.0,0.0068,0.0068,0.0068,0.00036,1.0,3497048.0,76725.0,3497048.0
2025-12-01,25,12942493.0,0,0,0.0,0.00036,0.00036,0.00513,0.00259,1.0,12722680.0,6366317.0,76539.0
2025-12-02,25,12937826.0,0,0,0.0,0.00259,0.00259,0.00408,0.00095,1.0,6630856.0,202146.0,6313268.0
2025-12-03,25,12927053.0,0,0,0.0,0.00095,0.00095,0.00095,0.00088,1.0,205343.0,190831.0,205343.0
2025-12-04,25,12914757.0,0,0,0.0,0.00088,0.00088,0.00098,0.00093,1.0,217808.0,206776.0,195745.0
2025-12-05,25,12903330.0,0,0,0.0,0.00094,0.00094,0.00094,0.00091,1.0,211725.0,205428.0,211725.0
2025-12-08,25,12891259.0,0,0,0.0,0.00091,0.00091,0.00091,0.0,,207771.0,0.0,207771.0
2025-12-09,25,12879547.0,0,0,0.0,0.0,0.0,0.00024,0.00012,1.0,56070.0,28035.0,0.0
2025-12-10,25,12879547.0,0,0,0.0,0.00012,0.00012,0.00129,0.00071,1.0,294526.0,161241.0,27956.0
2025-12-11,25,12877972.0,0,0,0.0,0.00071,0.00071,0.00071,0.0,,171324.0,0.0,171324.0
2025-12-12,25,12868888.0,0,0,0.0,0.0,0.0,0.00256,0.00128,1.0,9125989.0,4562994.0,0.0
2025-12-15,25,12868888.0,0,0,0.0,0.00128,0.00128,0.00128,0.0,,4482048.0,0.0,4482048.0
2025-12-16,25,12867947.0,0,0,0.0,0.01535,0.01535,0.01535,0.0,,6954765.0,0.0,6954765.0
2025-12-17,25,13065467.0,0,0,0.0,0.01814,0.01814,0.01814,0.0,,8312804.0,0.0,8312804.0
2025-12-18,25,13302491.0,0,0,0.0,0.0,0.0,0.0,0.0,,0.0,0.0,0.0
2025-12-19,25,13302491.0,0,0,0.0,0.0,0.0,0.0,0.0,,0.0,0.0,0.0
2025-12-22,25,13302491.0,0,0,0.0,0.0,0.0,0.05203,0.02602,1.0,24988559.0,12494280.0,0.0
2025-12-23,25,13302491.0,0,0,0.0,0.05868,0.05868,0.05868,0.0,,28365168.0,0.0,28365168.0
2025-12-24,25,14083112.0,0,0,0.0,0.0,0.0,0.0,0.0,,0.0,0.0,0.0
2025-12-26,25,14083112.0,0,0,0.0,0.02014,0.02014,0.02014,0.0,,10406251.0,0.0,10406251.0
2025-12-29,25,14366682.0,0,0,0.0,0.0,0.0,0.0,0.0,,0.0,0.0,0.0
2025-12-30,25,14366682.0,0,0,0.0,0.0,0.0,0.0,0.0,,0.0,0.0,0.0
2025-12-31,25,14366682.0,0,0,0.0,0.0,0.0,0.0,0.0,,0.0,0.0,0.0
2026-01-02,25,14366682.0,0,0,0.0,0.01692,0.01692,0.01692,0.0,,8599196.0,0.0,8599196.0
2026-01-05,25,14609742.0,0,0,0.0,0.0,0.0,0.0,0.0,,0.0,0.0,0.0
2026-01-06,25,14609742.0,0,0,0.0,0.02496,0.02496,0.02496,0.0,,13993687.0,0.0,13993687.0
2026-01-07,25,14974332.0,0,0,0.0,0.02976,0.02976,0.02976,0.0,,17637769.0,0.0,17637769.0
2026-01-08,25,15419942.0,0,0,0.0,0.0289,0.0289,0.0465,0.01517,1.0,31899553.0,10834755.0,17463754.0
2026-01-09,25,15865552.0,0,0,0.0,0.01474,0.01474,0.01474,0.00309,1.0,10777143.0,1929244.0,10777143.0
2026-01-12,25,16055221.0,0,0,0.0,0.03625,0.03625,0.03625,0.0,,23429780.0,0.0,23429780.0
2026-01-13,25,16637235.0,0,0,0.0,0.00741,0.00741,0.00741,0.0,,5059082.0,0.0,5059082.0
2026-01-14,25,16760526.0,0,0,0.0,0.02452,0.02452,0.02452,0.0,,16805637.0,0.0,16805637.0
2026-01-15,25,17171496.0,0,0,0.0,0.0,0.0,0.0,0.0,,0.0,0.0,0.0
2026-01-16,25,17171496.0,0,0,0.0,0.0359,0.0359,0.04135,0.00368,1.0,38255149.0,8400681.0,25675830.0
2026-01-20,25,17787951.0,0,0,0.0,0.00355,0.00355,0.00482,0.00378,1.0,11105007.0,7501945.0,8472530.0
2026-01-21,25,17796561.0,0,0,0.0,0.06068,0.06068,0.06068,0.00057,1.0,42573038.0,791797.0,42573038.0
2026-01-22,25,18872991.0,0,0,0.0,0.00054,0.00054,0.00054,2e-05,1.0,786323.0,53060.0,786323.0
2026-01-23,25,18880423.0,0,0,0.0,0.38643,0.38643,0.38643,0.0,,297906930.0,0.0,297906930.0
2026-01-26,25,26176454.0,0,0,0.0,0.03307,0.03307,0.03307,0.0,,35183099.0,0.0,35183099.0
2026-01-27,25,27042116.0,0,0,0.0,0.01067,0.01067,0.01067,0.0,,11486083.0,0.0,11486083.0
2026-01-28,25,27330670.0,0,0,0.0,0.0,0.0,0.0,0.0,,0.0,0.0,0.0
2026-01-29,25,27330670.0,0,0,0.0,0.24567,0.24567,0.26146,0.00814,1.0,289857389.0,10041052.0,273073104.0
2026-01-30,25,20616421.0,0,0,0.0,0.04214,0.04214,0.04214,0.0,,32182123.0,0.0,32182123.0
2026-02-02,25,21485244.0,0,0,0.0,0.0,0.0,0.02278,0.01139,1.0,34643821.0,17321910.0,0.0
2026-02-03,25,21485244.0,0,0,0.0,0.01139,0.01139,0.01139,0.00015,1.0,17326431.0,973460.0,17326431.0
2026-02-04,25,21295804.0,0,0,0.0,0.0855,0.0855,0.09336,0.00497,1.0,126506840.0,33986790.0,71059087.0
2026-02-05,25,19475039.0,1,0,0.04,0.00544,0.0036,0.00601,0.00062,1.0,36492312.0,3617952.0,32760238.0
2026-02-06,26,19458690.0,0,0,0.0,0.00062,0.00062,0.00748,0.00343,1.0,6172667.0,1276277.0,3620113.0
2026-02-09,26,19457777.0,0,0,0.0,0.00343,0.00343,0.00343,0.0,,1334320.0,0.0,1334320.0
2026-02-10,26,19391061.0,0,0,0.0,0.0,0.0,0.0,0.0,,0.0,0.0,0.0
2026-02-11,26,19391061.0,0,0,0.0,0.0,0.0,0.0,0.0,,0.0,0.0,0.0
2026-02-12,26,19391061.0,0,0,0.0,0.01916,0.01916,0.01916,0.0,,14051786.0,0.0,14051786.0
2026-02-13,26,19019514.0,0,0,0.0,0.00868,0.00868,0.00868,0.0,,6175807.0,0.0,6175807.0
2026-02-17,26,18854382.0,0,0,0.0,0.0,0.0,0.00057,0.00029,1.0,2620193.0,1310096.0,0.0
2026-02-18,26,18854382.0,0,0,0.0,0.00029,0.00029,0.00029,3e-05,1.0,1278415.0,144210.0,1278415.0
2026-02-19,26,18856134.0,0,0,0.0,3e-05,3e-05,3e-05,0.0,,148595.0,0.0,148595.0
2026-02-20,26,18855662.0,0,0,0.0,0.0,0.0,0.0,0.0,,0.0,0.0,0.0
2026-02-23,26,18855662.0,0,0,0.0,0.0,0.0,0.00205,0.00102,1.0,9023288.0,4511644.0,0.0
2026-02-24,26,18855662.0,0,0,0.0,0.00102,0.00102,0.00102,0.0,,4353024.0,0.0,4353024.0
2026-02-25,26,18861302.0,0,0,0.0,0.0,0.0,0.0,0.0,,0.0,0.0,0.0
2026-02-26,26,18861302.0,0,0,0.0,0.0,0.0,0.00767,0.00384,1.0,8344918.0,4172459.0,0.0
2026-02-27,26,18861302.0,0,0,0.0,0.00384,0.00384,0.01119,0.00373,1.0,17859998.0,6929485.0,4072062.0
2026-03-02,26,18798640.0,0,0,0.0,0.00374,0.00374,0.00374,0.0,,6603671.0,0.0,6603671.0
2026-03-03,26,18823756.0,0,0,0.0,0.0,0.0,0.05924,0.02962,1.0,38629643.0,19314822.0,0.0
2026-03-04,26,18823756.0,0,0,0.0,0.02962,0.02962,0.03339,0.01235,1.0,21424048.0,7610830.0,18809682.0
2026-03-05,26,18829347.0,0,0,0.0,0.01235,0.01235,0.01555,0.00617,1.0,9135763.0,3170162.0,7658693.0
2026-03-06,26,18942576.0,0,0,0.0,0.00613,0.00613,0.13316,0.06798,1.0,11089902.0,6333984.0,3092520.0
2026-03-09,26,18887419.0,0,0,0.0,0.06818,0.06818,0.06818,0.00041,1.0,6623747.0,254083.0,6623703.0
2026-03-10,26,20066658.0,0,1,0.03846,0.00038,0.00037,0.00038,0.0,,250947.0,0.0,250947.0
2026-03-11,25,20073707.0,0,0,0.0,0.0,0.0,0.0,0.0,,0.0,0.0,0.0
2026-03-12,25,20073707.0,0,0,0.0,0.0,0.0,0.0,0.0,,0.0,0.0,0.0
2026-03-13,25,20073707.0,0,0,0.0,0.0,0.0,0.0,0.0,,0.0,0.0,0.0
2026-03-16,25,20073707.0,0,0,0.0,0.01749,0.01749,0.01749,0.0,,12249837.0,0.0,12249837.0
2026-03-17,25,20424723.0,0,0,0.0,0.0,0.0,0.0,0.0,,0.0,0.0,0.0
2026-03-18,25,20424723.0,0,0,0.0,0.0,0.0,0.0,0.0,,0.0,0.0,0.0
2026-03-19,25,20424723.0,0,0,0.0,0.0,0.0,0.0,0.0,,0.0,0.0,0.0
2026-03-20,25,20424723.0,0,0,0.0,0.0,0.0,0.0,0.0,,0.0,0.0,0.0
2026-03-23,25,20424723.0,0,0,0.0,0.0,0.0,0.0,0.0,,0.0,0.0,0.0
2026-03-24,25,20424723.0,0,0,0.0,0.0,0.0,0.0,0.0,,0.0,0.0,0.0
2026-03-25,25,20424723.0,0,0,0.0,0.0,0.0,0.0,0.0,,0.0,0.0,0.0
2026-03-26,25,20424723.0,0,0,0.0,0.0043,0.0043,0.0043,0.0,,3090817.0,0.0,3090817.0
2026-03-27,25,20512477.0,0,0,0.0,0.02995,0.02995,0.02995,0.0,,20817035.0,0.0,20817035.0
2026-03-30,25,21126755.0,0,0,0.0,0.02077,0.02077,0.02118,0.00024,1.0,15055745.0,431232.0,14403212.0
2026-03-31,25,21565525.0,0,0,0.0,0.00024,0.00024,0.00728,0.00372,1.0,2022188.0,993319.0,411584.0
2026-04-01,25,21561849.0,0,0,0.0,0.00372,0.00372,0.00372,0.00059,1.0,1017092.0,53328.0,1017092.0
2026-04-02,25,21489975.0,0,0,0.0,0.00059,0.00059,0.00059,0.0,,53328.0,0.0,53328.0
2026-04-06,25,21477217.0,0,0,0.0,0.0,0.0,0.00153,0.00077,1.0,791730.0,395865.0,0.0
2026-04-07,25,21477217.0,0,0,0.0,0.00077,0.00077,0.00077,0.00053,1.0,389501.0,121762.0,389501.0
2026-04-08,25,21462598.0,0,0,0.0,0.00053,0.00053,0.00053,0.00043,1.0,118894.0,37340.0,118894.0
2026-04-09,25,21451713.0,0,0,0.0,0.00043,0.00043,0.00047,0.00045,1.0,41238.0,39611.0,37984.0
2026-04-10,25,21442516.0,0,0,0.0,0.01379,0.01379,0.0154,0.00092,1.0,13348478.0,1579895.0,10833570.0
2026-04-13,25,21738300.0,0,0,0.0,0.00091,0.00091,0.00349,0.00177,1.0,1818690.0,155819.0,1591537.0
2026-04-14,25,21730756.0,0,0,0.0,0.00177,0.00177,0.00177,0.0,,158904.0,0.0,158904.0
2026-04-15,25,21692187.0,0,0,0.0,0.0,0.0,0.0,0.0,,0.0,0.0,0.0
2026-04-16,25,21692187.0,0,0,0.0,0.0,0.0,0.0,0.0,,0.0,0.0,0.0
2026-04-17,25,21692187.0,0,0,0.0,0.0,0.0,0.0,0.0,,0.0,0.0,0.0
2026-04-20,25,21692187.0,0,0,0.0,0.03209,0.03209,0.04012,0.00526,1.0,35018856.0,6880305.0,26731933.0
2026-04-21,25,22388395.0,0,0,0.0,0.0051,0.0051,0.0051,0.0,,6862169.0,0.0,6862169.0
2026-04-22,25,22339704.0,0,0,0.0,0.01749,0.01749,0.01749,0.0,,14983291.0,0.0,14983291.0
2026-04-23,25,22730457.0,0,0,0.0,0.0,0.0,0.0,0.0,,0.0,0.0,0.0
2026-04-24,25,22730457.0,0,0,0.0,0.0382,0.0382,0.04507,0.01587,1.0,51805110.0,15480942.0,33016854.0
2026-04-27,25,23598797.0,0,0,0.0,0.01529,0.01529,0.01529,0.00059,1.0,15868595.0,537882.0,15868595.0
2026-04-28,25,23861000.0,0,0,0.0,0.00058,0.00058,0.00058,0.0,,516344.0,0.0,516344.0
2026-04-29,25,23847194.0,0,0,0.0,0.0,0.0,0.0,0.0,,0.0,0.0,0.0
2026-04-30,25,23847194.0,0,0,0.0,0.0,0.0,0.00208,0.00104,1.0,16951890.0,8475945.0,0.0
2026-05-01,25,23847194.0,0,0,0.0,0.00104,0.00104,0.00104,0.0,,9113552.0,0.0,9113552.0
2026-05-04,25,23846406.0,0,0,0.0,0.0,0.0,0.00583,0.00292,1.0,10527138.0,5263569.0,0.0
2026-05-05,25,23846406.0,0,0,0.0,0.00292,0.00292,0.00292,0.0,,5227671.0,0.0,5227671.0
2026-05-06,25,23860635.0,0,0,0.0,0.0,0.0,0.0,0.0,,0.0,0.0,0.0
2026-05-07,25,23860635.0,0,0,0.0,0.0,0.0,0.0,0.0,,0.0,0.0,0.0
2026-05-08,25,23860635.0,0,0,0.0,0.00368,0.00368,0.00865,0.00261,1.0,8933261.0,2998827.0,3277836.0
2026-05-11,25,23948439.0,0,0,0.0,0.0026,0.0026,0.00309,0.00268,1.0,3756378.0,3340096.0,3081612.0
2026-05-12,25,23983186.0,0,0,0.0,0.00267,0.00267,0.00267,0.0,,3307104.0,0.0,3307104.0
2026-05-13,25,24027722.0,0,0,0.0,0.00367,0.00367,0.00367,0.0,,3449336.0,0.0,3449336.0
2026-05-14,25,24115816.0,0,0,0.0,0.0,0.0,0.0,0.0,,0.0,0.0,0.0
2026-05-15,25,24115816.0,0,0,0.0,0.0,0.0,0.0,0.0,,0.0,0.0,0.0
2026-05-18,25,24115816.0,0,0,0.0,0.0,0.0,0.0302,0.0151,1.0,39955578.0,19977789.0,0.0
2026-05-19,25,24115816.0,0,0,0.0,0.0151,0.0151,0.04135,0.01446,1.0,20856622.0,1539006.0,19741904.0
2026-05-20,25,24479927.0,0,0,0.0,0.01424,0.01424,0.01424,0.0,,1548335.0,0.0,1548335.0
2026-05-21,25,24828616.0,0,0,0.0,0.0,0.0,0.0,0.0,,0.0,0.0,0.0
2026-05-22,25,24828616.0,0,0,0.0,0.0146,0.0146,0.0146,0.0,,13708598.0,0.0,13708598.0
2026-05-26,25,25191136.0,0,0,0.0,0.0,0.0,0.0,0.0,,0.0,0.0,0.0
2026-05-27,25,25191136.0,0,0,0.0,0.05037,0.05037,0.05037,0.00037,1.0,50510006.0,528524.0,50510006.0
2026-05-28,25,26459956.0,0,0,0.0,0.00035,0.00035,0.00035,0.0,,533176.0,0.0,533176.0
2026-05-29,25,26469261.0,0,0,0.0,0.02055,0.02055,0.02278,0.00193,1.0,31132431.0,5702619.0,22524628.0
2026-06-01,25,27013233.0,0,0,0.0,0.00189,0.00189,0.00401,0.00134,1.0,20290648.0,10126069.0,5594018.0
2026-06-02,25,27049221.0,0,0,0.0,0.00134,0.00134,0.00134,0.0,,10388267.0,0.0,10388267.0
2026-06-03,25,27062030.0,0,0,0.0,0.0,0.0,0.00196,0.00098,1.0,21111736.0,10555868.0,0.0
2026-06-04,25,27062030.0,1,0,0.04,0.00098,0.0007,0.00472,0.00187,1.0,13734174.0,1491234.0,10751707.0
2026-06-05,26,27065510.0,0,0,0.0,0.00246,0.00246,0.0156,0.0079,1.0,10574941.0,5163674.0,2772765.0
2026-06-08,26,27068267.0,0,0,0.0,0.0079,0.0079,0.02231,0.0149,1.0,11629204.0,7330112.0,4797529.0
2026-06-09,26,26869626.0,0,0,0.0,0.01501,0.01501,0.02207,0.00353,1.0,9379639.0,799413.0,7780813.0
2026-06-10,26,26470243.0,0,0,0.0,0.03026,0.03026,0.04298,0.00636,1.0,39552350.0,3327017.0,32898316.0
2026-06-11,26,27271236.0,0,0,0.0,0.00617,0.00617,0.02011,0.01286,1.0,90278982.0,46768915.0,3343754.0
2026-06-12,26,27102924.0,0,0,0.0,0.34562,0.34562,0.36345,0.02834,1.0,369261689.0,22332269.0,343853436.0
2026-06-15,26,36415982.0,0,0,0.0,0.08108,0.08108,0.09673,0.00802,1.0,134187123.0,16137524.0,109046430.0
2026-06-16,26,39354567.0,0,0,0.0,0.0854,0.0854,0.0854,0.00589,1.0,140829080.0,13477420.0,140829080.0
2026-06-17,26,35993755.0,0,0,0.0,0.23511,0.23511,0.23511,0.00514,1.0,344627407.0,1080377.0,344627407.0
2026-06-18,26,27531191.0,0,0,0.0,0.02089,0.02089,0.02397,0.00947,1.0,17066078.0,1509372.0,16575932.0
2026-06-22,26,26956027.0,0,0,0.0,0.06238,0.06238,0.06337,0.00352,1.0,59129001.0,834858.0,58419313.0
2026-06-23,26,25274493.0,0,0,0.0,0.03474,0.03474,0.03474,0.00222,1.0,31734431.0,322540.0,31734431.0
2026-06-24,26,24396446.0,0,0,0.0,0.01623,0.01623,0.01623,0.00099,1.0,13390150.0,134153.0,13390150.0
2026-06-25,26,24000376.0,0,0,0.0,0.01867,0.01867,0.01867,0.00039,1.0,16152738.0,51144.0,16152738.0
2026-06-26,26,23552311.0,0,0,0.0,0.01298,0.01298,0.01549,0.00244,1.0,11616487.0,369482.0,11178434.0
2026-06-29,26,23246551.0,1,0,0.03846,0.00437,0.00342,0.00437,0.00109,1.0,10580914.0,134276.0,10580914.0
2026-06-30,27,23196357.0,0,0,0.0,0.00109,0.00109,0.02855,0.01482,1.0,3430170.0,1780703.0,131235.0
2026-07-01,27,23171022.0,0,0,0.0,0.01484,0.01484,0.01484,0.00446,1.0,1812087.0,544428.0,1812087.0
2026-07-02,27,22827255.0,0,0,0.0,0.00453,0.00453,0.00841,0.00647,1.0,11331375.0,5938418.0,545461.0
2026-07-06,27,22723948.0,0,0,0.0,0.0065,0.0065,0.01361,0.00963,1.0,9198320.0,3600253.0,5602853.0
2026-07-07,27,22595589.0,0,0,0.0,0.00968,0.00968,0.01124,0.0027,1.0,4383947.0,2032526.0,3544057.0
2026-07-08,27,22437252.0,0,0,0.0,0.02299,0.02299,0.02352,0.00093,1.0,21631851.0,1251830.0,21373699.0
2026-07-09,27,21921379.0,0,0,0.0,0.00095,0.00095,0.00516,0.00271,1.0,2043920.0,653453.0,1250128.0
2026-07-10,27,21912350.0,0,0,0.0,0.00271,0.00271,0.00482,0.00177,1.0,4291828.0,2055389.0,652898.0
2026-07-13,27,21852998.0,0,0,0.0,0.01107,0.01107,0.0164,0.00296,1.0,13900069.0,3959253.0,10733009.0
2026-07-14,27,21610996.0,0,0,0.0,0.003,0.003,0.00424,0.0016,1.0,3982626.0,608129.0,3847566.0
2026-07-15,27,21662575.0,0,0,0.0,0.0016,0.0016,0.00314,0.00216,1.0,2224984.0,1404721.0,632685.0
2026-07-16,27,21665424.0,0,0,0.0,0.00216,0.00216,0.00216,1e-05,1.0,1399729.0,1257.0,1399729.0
2026-07-17,27,21688079.0,0,0,0.0,0.02081,0.02081,0.0275,0.00429,1.0,27442817.0,7767305.0,16899146.0
2026-07-20,27,21236737.0,0,0,0.0,0.00438,0.00438,0.01509,0.00737,1.0,9994299.0,2591146.0,7636311.0
2026-07-21,27,21257713.0,0,0,0.0,0.00736,0.00736,0.00736,0.00357,1.0,2588056.0,1342837.0,2588056.0
2026-07-22,27,21160885.0,0,0,0.0,0.00359,0.00359,0.01753,0.0081,1.0,7212562.0,3605058.0,1367354.0
2026-07-23,27,21084993.0,0,0,0.0,0.00813,0.00813,0.01325,0.00369,1.0,16270632.0,7070289.0,3483162.0
2026-07-24,27,21208581.0,0,0,0.0,0.00367,0.00367,0.00609,0.00345,1.0,6821468.0,376933.0,6560036.0
2026-07-27,27,21150541.0,0,0,0.0,0.00346,0.00346,0.00579,0.00306,1.0,2044477.0,1036755.0,373209.0
2026-07-28,27,21077444.0,0,0,0.0,0.00307,0.00307,0.04358,0.02309,1.0,37598234.0,19297927.0,1048115.0
2026-07-29,27,21034206.0,0,0,0.0,0.02314,0.02314,0.02499,0.00482,1.0,23074543.0,4605063.0,19238169.0
2026-07-30,27,21248658.0,0,1,0.03704,0.02574,0.02572,0.04004,0.00791,1.0,33648310.0,8182499.0,20633067.0
2026-07-31,26,20706084.0,0,0,0.0,0.00812,0.00812,0.00934,0.00091,1.0,8547262.0,537091.0,7781712.0
2026-08-03,26,20573193.0,0,0,0.0,0.01481,0.01481,0.02208,0.00421,1.0,23318683.0,7305232.0,11215755.0
2026-08-04,26,20268492.0,0,0,0.0,0.00427,0.00427,0.00658,0.00142,1.0,8933707.0,838632.0,7523749.0
2026-08-05,26,20275460.0,0,0,0.0,0.00142,0.00142,0.00542,0.00206,1.0,6996599.0,3072931.0,862969.0
2026-08-06,26,20246741.0,0,0,0.0,0.00206,0.00206,0.00332,0.00154,1.0,4292322.0,1502869.0,3062176.0
2026-08-07,26,20244757.0,0,1,0.03846,0.00154,0.00153,0.00154,0.00067,1.0,1501294.0,653441.0,1501294.0
2026-08-10,25,20217002.0,0,0,0.0,0.00067,0.00067,0.00352,0.0021,1.0,6264364.0,3469858.0,675353.0
2026-08-11,25,20203476.0,0,0,0.0,0.0021,0.0021,0.00478,0.00219,1.0,4666373.0,1482847.0,3398866.0
2026-08-12,25,20176686.0,0,0,0.0,0.0022,0.0022,0.0022,0.0,,1490372.0,0.0,1490372.0
2026-08-13,25,20186571.0,0,0,0.0,0.01409,0.01409,0.01409,0.0,,12094262.0,0.0,12094262.0
2026-08-14,25,19902231.0,0,0,0.0,0.0,0.0,0.0,0.0,,0.0,0.0,0.0
2026-08-17,25,19902231.0,0,0,0.0,0.0,0.0,0.00109,0.00055,1.0,6814624.0,3407312.0,0.0
2026-08-18,25,19902231.0,0,0,0.0,0.00055,0.00055,0.00055,0.0,,3378236.0,0.0,3378236.0
2026-08-19,25,19906423.0,0,0,0.0,0.0,0.0,0.0,0.0,,0.0,0.0,0.0
2026-08-20,25,19906423.0,0,0,0.0,0.00816,0.00816,0.0086,0.00024,1.0,8251406.0,1095650.0,6691832.0
2026-08-21,25,19743911.0,0,0,0.0,0.02272,0.02272,0.02525,0.00165,1.0,22828221.0,3874394.0,18622011.0
2026-08-24,25,19300372.0,0,0,0.0,0.00168,0.00168,0.00168,0.0,,3980827.0,0.0,3980827.0
2026-08-25,25,19308671.0,0,0,0.0,0.0,0.0,0.0,0.0,,0.0,0.0,0.0
2026-08-26,25,19308671.0,0,0,0.0,0.0,0.0,0.0,0.0,,0.0,0.0,0.0
2026-08-27,25,19308671.0,0,0,0.0,0.0,0.0,0.0,0.0,,0.0,0.0,0.0
2026-08-28,25,19308671.0,0,0,0.0,0.0,0.0,0.00106,0.00053,1.0,6296168.0,3148084.0,0.0
2026-08-31,25,19308671.0,0,0,0.0,0.00053,0.00053,0.00053,0.0,,3038935.0,0.0,3038935.0
2026-09-01,25,19312422.0,0,0,0.0,0.0,0.0,0.00283,0.00142,1.0,4195270.0,2097635.0,0.0
2026-09-02,25,19312422.0,0,0,0.0,0.00142,0.00142,0.00142,0.0,,2053314.0,0.0,2053314.0
2026-09-03,25,19333141.0,0,0,0.0,0.0,0.0,0.0,0.0,,0.0,0.0,0.0
2026-09-04,25,19333141.0,0,0,0.0,0.0,0.0,0.0,0.0,,0.0,0.0,0.0
